label,review
1,去常州基本上都是入住中油的，地段在市区交通比较方便，早饭，房间都很不错，以后还会继续入住。最近附近一条马路在施工，晚上可能有点吵
1,11月份住了一次。1.服务方面还不错，门童挺积极。2.感觉房间略有陈旧。3.早餐品种还算丰富。4.总的来说，作为4星酒店还略有不足，不过价格还是挺实惠的。
1,服务态度很不错，呵呵，而且离我们去的地方非常近，非常方便，环境也很好，希望下次还可以住那里
1,酒店周边环境一般，酒店内设施不错，感觉还挺新，价格也尚可接受。
1,房间干净整洁，位置也好，就是缺少部电梯，有点遗憾
1,房价干净，设施也挺齐全的。就是价格不算便宜。总的来说还不错
1,与几月前相比变化不大用餐便捷实惠客房干净整洁
1,"房间不错,设施也过得去,感觉走廊的装修挺有特色,服务态度也不错."
1,地点和位置很好，晚上比较安静，设施较全。对于一般的自助游来说比较合适。
1,接机服务不错，就是携程不含早餐不好，488的房间感觉也还可以。总体4分
1,"大堂整洁,房间干净,设施齐全,位置方便,早餐也还可以,服务也还不错,只是酒店周围环境不怎么样,但是这和整个南昌老城的整体环境有很大关系.在南昌还算是值得一住的酒店."
1,"位置非常好,在新区和传统城区的交界处,虽然是老酒店了(五年以上),房间设施还是不错的,但我们入住的前两天一切OK,第三天就不整理房间了,要打电话才安排,是规定这样做吗?"
1,酒店还可以，早餐也不错，值得推荐，若价格能再低点就更好了。
1,总的说来，富豪酒店是南昌市四星酒店中性价比最高的之一。地理位置比较方便，但是现在机场大巴只到洪城大市场了，去机场略有不便。
1,万豪旗下的酒店，管理不错。酒店环境也很好。
1,在这小城市还有这样干净的宾馆，不错！真的是3星硬件，4星服务。就是价格贵了点。但嵊州好像所有物价都贵，吃饭特贵。
1,"南楼房间还算干净,位置也还行,去景点都不远,打的起步费就够了,符合三星的标准"
1,"2008.4.5入住该酒店南楼大床间,总体感觉不错，符合三星标准。值得赞一下的是客房送餐很好，饭菜好吃，价格也不贵。不足：床垫太软，对于不喜欢睡软床的来说，可能不舒服。"
1,地理位置位置很好，我们订的是主楼的标间，正好在南边，晚上的运河很漂亮。就是房间小了点，电视也不是很清楚。
1,"房间保养不错.前台服务也算不错.房间送餐服务非常好,味道也很地道."
1,酒店细节做得不错，但房间不大，卫生挺好，前台服务还应加强
1,物有所值。酒店气氛非常好。餐厅食品可口。房间整洁，环境豪华。
1,不错的酒店。就是早餐水果太单调。宽带直接连电信网的，速度很快。
1,按照入住同事的说法，可能在马鞍山算不错了，不过不太对得起价格，尤其是早餐比较惨～
1,我在该宾馆入住了大约有20几次了吧，主要是觉得位置不错，交通方便。觉得难以忍受的是床垫实在是太太太硬了。
1,北京的酒店不愁客源，尤其是国展周围的。酒店交通因为靠近城铁外出比较方便，从机场过来的大巴在国展有停靠点。周围吃饭巨方便，房间隔音很差，隔壁说话听的很清楚。
1,服务态度亲切，设备较新！早餐每天更新，不错！
1,入住的是高级湖景房，房间确实够大，景观也很好，大堂的工作人员也非常热情周到。但房间内的装修真的有些旧了，特别是电视该换大一些的。
1,定了高级湖景房，前台给了最高的23层。房间非常舒服，而且早餐也很丰盛。只是看出去的白鹭洲公园景色一般。可能住标准客房更实惠些。
1,"景观不错,服务也不错,早餐也不错,地段不错,去哪都方便"
1,挺好的，就是说的是国贸店，可是离国贸的位置有些偏。
1,９８年这家酒店开业时住过，感觉很好，今年去青岛还是选择了住在这里．１０年过去了，虽然硬件略显陈旧但服务水平依旧让我感觉很满意．
1,"酒店房间很好,很温馨.且有几本书供客人看.但没有针线包,害的我跑到楼下要的.周边饭馆较少,房间内的上网速度慢."
1,每次住这个酒店的时候，总是给我免费升级，很有意思。房间很好，服务也不错。下次来还会住在这里。
1,每次来福州都住这里，比刚开始贵了不少。不过就是喜欢他们家的羽绒被，比我自己买的舒服。不知道酒店考不考虑将被子出售，如果是新的的话。早餐也还不错。
1,酒店地理位置不错，服务也可以，但装修就比较旧了
1,酒店前台的小姐服务很不错。我订的房间没有，主动给我免费升级到行政楼层。酒店的自助餐很有特色。很不错的一个酒店。
1,酒店挺不错的，地理位置佳，交通方便，房间也很大，而且早餐算可以的了。下次来福州可能还会住这里。
1,大连很不错的酒店了，不过差点和南山花园那个搞错0.0
1,环境还可以，房间不大但也不是太小，够住了。写字桌前的落地灯离得太近了，每次移椅子都会碰到，另外有一点就是隔音效果不好，夜间车子路过的声音有点吵，其它的还行。
1,很满意，环境很好，晚间无一个骚扰电话，是我住过的唯一无骚扰电话的酒店，也许是新酒店的缘故吧！
1,不过如果团体能拿到好价钱的话还是个不错的酒店
1,因为之前住过这里，房间非常非常大，所以这次又选择了这边，但是却有点失望，房间明显小很多，旧很多，厕所有很重的下水道味道，这个价钱就不值了．
1,入住后发觉设施较新，相比同等价格酒店而言，性价比高。应算4星标准。比附近的海南大厦感觉要好的多。
1,"选择悦达国际的理由主要是看中它便利的交通,离火车站、汽车站打车15分钟，住的房间还比较干净、整洁，这个价位还算是很合理了，附近有个公园早晨可以步行去，对于早起的人比较适合的，总体还比较满意！"
1,这是我第二次住悦达酒店，这里环境和地理位置都还好，价格、服务和高层的房间环境等等性价比还是很高的。特别说的是床睡得非常舒服，很喜欢。另外离农民美食街很近，非常值得推荐！
1,通过别人介绍在此住过两天，感觉总体服务很贴心，住的11楼的房间，床很舒适，因临时改变行程，打电话到总台帮我订了机票，服务效率很高，很快就送到房间，整体给我的感觉很好。
1,"朋友推荐的宾馆,位置方便,价格合理,高楼的房间面积很宽敞,前台登记和退房时间很快,服务感觉不错!值得向各位推荐。酒店斜对面就是汽车总站,还有大型超市,很方便的。"
1,住的是豪华房，面积很大，设施还不错，可能靠马路，有些吵。餐厅的早餐品种很多，价格35元，物有所值。前台的服务很热情，退房后要赶车去上海，行李员一直将行李送到车站，服务让人满意！
1,酒店不错，特别是离长途汽车站近（马路对面），酒店的饭菜不错，价格不贵，菜式较多，对面就是劝业场，可以逛逛。出门坐人力车到闹市也很方便。不足之处就是住酒店还要付10元的停车过夜费，感觉不太爽！
1,"这家酒店离车站很近,较方便,CHECKIN时,服务还好,还有凉茶饮用,酒店早餐还不错,只是8:30时,品种已没有多少了,住的是6楼的单间,上网是免费的,很满意!床比较舒服,空间不大,特别是家俱颜色太深了,房间价格还能接受!"
1,酒店服务真的很好，房间也很整洁。从阳台可以看到海景，海上有好多停着的船只，蛮有感觉的。自助早餐很不错，品种还是蛮丰富的。
1,洗了衣服本挂在洗手间的，等外出回来，已经拿架子挂在阳台上！满意服务态度一流，看到的全是笑脸！开心房间虽然设施老化，但很干净！安心海景不错！爽
1,非常好的地理位置，住的是豪华海景房，打开窗户就可以看见栈桥和海景。记得很早以前也住过，现在重新装修了。总的来说比较满意，以后还会住
1,位置便利，价格便宜，服务周到，环境幽美！谢谢！
1,挺不错的酒店，每次去盐城都住在这里，价格便宜量又足！
1,还不错酒店，就餐和出行都很方便。服务态度也比较好。
1,"离长途大巴车站很近,酒店环境也算不错,下次还是首选."
1,"以前曾多次入住瀛洲酒店,这次的早餐质量和选择的品种比原来有所提高."
1,总体不错!!!!
1,就在长途汽车站附近，步行10分钟吧。就是马路路口斜对过。在闹市区，路口有欧什么的西餐便餐店，环境不错。宾馆就是标准的4星，挺好的。附近还有kfc和农工商超市。
1,还是不错的，交通也比较方便.总的来说还是可以的
1,还不错，就是大门有点小。
1,"这是我经常住的酒店,主要原因是请我的客户来南京的,距离我公司很近,酒店本身还可以,价格涨了,但是酒店门脸不显著,不像是4星酒店.如果可以,加一点钱,就可以住中心大酒店了,很气派.距离国信200米"
1,"这个酒店我客人说还不错,我自己没住过，但他是很满意的"
1,元旦时候入住的，一直没时间评价，房间很大，就是床单很硬，胳膊和背上都磨的很痛，不过住的还可以，希望把床单换掉
1,"位置不错,旁边就是家乐福.交通方便,房间特大,住起来也很舒服,早上阳光可以照到床上,自然醒.游泳池也不错.特别是酒店里的餐厅水准很高.唯一缺点,房内设施稍微老了点,不过我肯定会一直住这里,绝对超值."
1,"还可以的酒店,大大的玻璃窗户,可以坐在窗台品着红酒,看市景看星星.房间设施稍显陈旧,不过可以再住.距离大型超市很近,红酒就是在那里买的,呵呵."
1,同时订的两套房间，入住时间不同，最后拿到的房间也不同，很奇怪今晚酒店的房间怎么老是这样，当然都是升级到更高层次的房间。
1,房间还可以，还有我去的时候大堂摆了一个楼盘的销售模型，感觉有点不适合。
1,酒店服务态度，房间环境都不错，改了名字的原天鸿酒店现在听起来更好听了。
1,酒店地理位置不错，房间布置还可以。电视滥了点。厕所不太通畅。房价偏贵。
1,优点就是位置好，去大运村或中关村办事方便。携程的价格真的不够优惠啊，还不包早餐。
1,之前来北京住过几家，燕山、文津、天虹等等天虹是我们同事最喜欢住的，房间不大，被褥都很柔软，早餐也还可以但是住过文津之后，觉得文津的服务态度更好一点，出酒店门的的时候门童可真热情
1,帮同事订过很多次，酒店位置很好，很方便。房间也不错。
1,相比之下，在这边应该是比较好的酒店吧，不过价格还是点高
1,酒店不错，房间干净整齐，服务也还好。希望在硬件设施上能再多多加强，那就好了哦。
1,服务非常好，环境也比较舒适，只是酒店的餐饮方面一般般。
1,中规中矩的五星级酒店，但酒店双人房床较小，其他还可以，毕竟也是连锁酒店。另外，酒店的大堂确实有些气势！
1,总体还可以，早餐很丰富，我一般吃过早饭连午饭都不用吃了。没有像其他人说的那些问题，不过最不能忍受的是房间的味道真的是难闻，应该是中水的味道吧，我几乎是天天开窗。
1,提醒大家：标间2人住，早餐18元免费，只可以一位享用！！！
1,服人度良好安不人商物中心步行10分
1,一个干净，舒适的酒店，如果你不是一定要住在市中心的话，是一个不错的选择。早餐很丰盛，价格稍微高了点。一楼的川菜也是不错的。
1,"入住豪华大床房,房间真的很大,沙发,写字台,阳台,的确没有想到是这么大的一间.这一点是我比较满意的."
1,"房间很不错,还是套间,前台服务员很贴心,因楼层少怕吵,特意没有安排向马路的房间给我。酒店地理位置极佳,就在七星岩牌坊斜对面,旁边就是华侨大厦。总的来说很满意,另外楼层走廊真的好长,开眼界了。"
1,非常好。国内最好的酒店之一。各方面都不错。
1,不错的选择。房间整洁卫生、服务也不错，价格合理，交通便利。
1,装修很新，设施很全，条件不错。服务人员秉承了北京人的“范儿”，属于“高傲不热情”那种，很难对“服务”本身评价一声“满意”。不过10层的清洗大嫂到是满不错的，很热心的询问是否做房间清洁……
1,"1.房间设施布置不错,电视机尺寸小了些,点播电影节目还要收费。2.房间墙壁隔音效果不佳,相互影响。3.只有免费的接机服务,不送机,望改进。"
1,地理环境不错，但对面一直在盖楼，门前的街道打车不方便。
1,几乎是在凌晨才到的包头，包头也没有什么特别好的酒店，每次来了就是住在这家，所以也没有忒多的对比，感觉还行，下次还是得到这里来住
1,地段很好，停车场也很大，开车的朋友去住还是比较方便的，3人的家庭房还是满大的，也比较干净，有电吹风，就是没有开中央空调，有个立式空调，就是声音有点响，可能是我对声音比较敏感吧
1,地理位置不错，在商业街上，逛街很方便，房间也还不错，看上去还比较新，就是早餐品种太少了。酒店旁边的小巷里傍晚开始会出现几个小吃摊，味道都还不错哦，烧烤鱿鱼特别好吃，入住酒店的朋友可以去吃吃看，呵呵。
1,上周住了三天，酒店服务还不错，但感觉有些旧。在文昌阁那边见到几家经济型酒店，感觉比较气派。
1,4月3日4日住了两天，266元/天包双早，携程的价格一般，前台也能拿到。酒店地理位置很好，步行到个园和瘦西湖都10分钟。早餐也可以，唯一的问题是隔音太差，隔壁房间的动静都听得清楚
1,这家如家地段不算太好，所以感觉性价比不是太好，下次不去了。
1,不错不错不错不错不错不错不错不错不错不错不错不错不错不错不错不错不错不错不错不错
1,除了价位偏高之外，别的没得说。尤其是房间内的纯水系统，彰显了人性化。
1,我喜欢燕春的大房间。设施，电梯，大堂，服务都很不错。
1,如果中餐再丰富一些就好了，一个人吃中餐没有找到合适的地方。西餐不错
1,"因为要到那附近办事,只有定了这间酒店,,这次的服务明显比我上一次来的要好了.希望再接再励"
1,应该算是仪征最好的酒店了，四星的设施，三星的服务。遗憾的是某些设施还并未开放。早餐很一般，连收盘子的服务员也没有，与其四星的标准不符。
1,不错，房间超大，服务也很不错，而且是别墅式的设计让人感觉挺好的。
1,"别墅式的旅店,环境很不错,服务也很好,房间稍微有点小"
1,宾馆环境不错，比较安静，住了两晚标间，房间超级大，我从来没有住过这么大的标间。但是地毯有点脏，家具的摆放也有问题，电视离床太远了。早餐不像四星的，太简单了。
1,环境非常的好，绿化面积非常的大，服务也挺周到的，可能是新推出的经济型房间的原因，房价非常的小，但是性格比还是挺不错的。
1,"酒店的房间很舒服,但是打电话询问酒店位置的时候前台说不清楚;餐厅由于要接待团队就不能为散课服务,而且理直气壮."
1,挺不错的一家酒店，专门接待国家领导人的。其中的经济标间小了点，但挺紧凑。不好的就是卫生间全玻璃的。不太方便
1,环境很好，服务也不错，推荐下次还会住这里
1,性价比非常高的一家四星酒店。尤其是山东大汉服务生，服务非常好。自主餐很好，向您极力推荐。青岛的星级酒店很正规，比起其他的旅游城市，青岛整个环境很好，城市清洁，出租车司机都很好，不愧山东人本色。
1,住过这么多酒店，还是头一次碰到盖黄色的被子，感觉不干净；地毯是黑花的，感觉很脏乱。环境还好，起码有个院子。
1,"不错,就是院子小了一些,到海滩需要走一段端小路,奇怪的是青岛所有酒店都没有自己的海滩"
1,该酒店内的桑那中心的从业人员，用欺骗的方式，赚取客人的钱。
1,"别墅型的酒店，非常特别,离海边很近.消费很平价"
1,闹中有静，物有所值。是我下次出差的首选。
1,地理位置优越，前台服务速度还好。大床间的房屋很差，不能通风，采光也不好。客房内弥漫异味。夜间室外超重低音影响，电话骚扰，影响睡眠。另外，把角的房间内手机信号不好。
1,"服务不错,房间也很好,叫车比较方便,就是周边没有超市.另外,就是早餐实在是不与酒店成正比.一是品种太少,二是比较难吃."
1,交通方便，在虹许路上，虹桥路跟延安西路之间。
1,"酒店环境幽雅,安静舒适,交通便利,旁边就有高架口.房间里配有电脑,免费上网,还有免费水果送,爽!早餐也不错,品种丰富齐全.服务太度也很好.是家很不错的酒点.携程没有介绍错,下次到上海一定还住这家酒店."
1,安静、干净，服务不错。下次还会考虑住这里。补充点评2006年9月19日：酒店的电脑是虚拟硬盘，我存了一些文件没想到重起就没了！后来发现有一个分区是可以保存文件的：）
1,酒店不错，就是游泳池稍微小了点，离九寨沟沟口有1.5km，目前淡季，交通不方便，只能包车去景点，但是机票房价很实惠，九寨沟的风景不错的哦，周围晚上出去的时候没有安全感。
1,酒店距离九寨沟景区仅仅2公里，附近是各式各样的酒店和购物街区，出行很方便。服务素质很高，早餐品种丰富，性价比不错。
1,除了咖啡吧那硬硬的巧克力蛋糕，其他服务都符合喜来登的标准，有宾至如归的感觉。
1,3月底入住的，是高级房。感觉床非常舒服，但是电视机有点落伍了，不是液晶的。服务员的态度非常好，而且因为离沟口很近，应该是去沟口游玩那几天的首选。
1,外观较旧，早餐一般，免费升级到豪华房，感觉还不错，热水很慢，要放很久才有。前台结账用的信用卡，不知为何至今收不到信用卡的付费信息，似有问题。
1,"酒店离市中心公共交通不是很方便,打的一般在11-12元。酒店的早餐很丰富，考虑的很周到。有粥、面条、蛋糕等等，牛奶是鲜奶。"
1,房间一般，商务大床房间和浴室之间用玻璃墙隔开，装修还应该算是四星级酒店，电视机比较小而且国外的卫星频道只有CNN和BS2，停车场免费
1,"新装修的酒店,房间很新很好的,作为万豪的金卡会员,充分享受金卡的待遇,很好.早餐的品种不够丰富."
1,网上定了个行政标间，还用信用卡担保的，到了后却被告知有客人没退房，改成了一般套间。但酒店还算可以，提供了免费上网和两个免费早餐。
1,是非常不错的酒店，服务也很周到，赞赏香港人的服务意识。
1,"海景房果然名不虚传,可以看到整个港岛的景色.服务也很周到.交通也算方便,就是打车去港岛成本比较高,购物很方便,酒店旁边就有SOGO.总体来说,非常好的酒店.绝对值得一住."
1,海景房能看到非常美丽的景色，尽管价钱贵，但是非常值得。
1,酒店档次很高，环境很优越，在香港还是算很不错的一家酒店
1,房间、环境、服务都可以。只是上网不是免费，HK$156/24h!!
1,预订的时候没注意酒店正在修理的提示，结果最有特色的楼顶泳池没享受到，好遗憾。希望类似情况携程要标识的清楚一些。
1,整个酒店比较老款，不过酒店的客房设计非常摩登洁净，除了面积比较小（不管是行政楼层还是一般楼层，似乎都是一样的大小），其他均满意。
1,酒店只有20楼是新装修的，感觉还不错，房间干净，没什么味道。CHECKOUT时看到别人同样房型才250元~~唉，看来携程还是赚了不少滴~~嘿嘿
1,酒店位于市中心。房间设施古朴典雅。很有情调。室内像上个世纪初老上海酒店的内部布局。温泉也不错!下次我还会去。我住的是2005房间。
1,我入住的是单人间（大床）。房间和洗手间不是很大，但一个人完全够用、好用；比较干净、整齐，上网是免费的（计算机需自备）；位于市中心的酒店有这个价位是很不错的，能含早餐就更好。
1,如同大家所说的，整个宾馆有一股霉味，估计是地毯和不密闭不能开窗的问题，如果对房间气味有要求的网友绝对不要入住此酒店。不过该酒店位于海口市中心，购物较方便。
1,新装修过了，液晶壁挂电视，很不错。不过，酒店热水采用温泉，水不是很大，而且有些粘乎乎的感觉，成为房间唯一的美中不足。自助餐，可能由于便宜的缘故，办的时间一长，客人来得多了，但是质量和服务却下降许多了。
1,交通方便，室内干净，基本生活电器都配备。出嫁那天需要红色床单，前晚给前台打了电话，他们回复说要去仓库找下，没想到第二天真给送来并布置好了，态度还不错！
1,第2次入住该酒店。总体还是不错就是不能免费提供宽带上网服务。宽带上网价格高的离谱50元1天。着不是可以承受的价格。总体还不错
1,入住的是商务大床房，是最贵的房型了。但一打开门，天，温差起码15度！房间里竟然是壁挂空调！因为只是晚上去休息，早上出门时想了想，还是把空调全关了。
1,非常好的酒店，非常好的服务，我先生对酒店一向非常挑剔，只有这次他实在没话说！补充点评2008年8月6日：酒店餐厅正在装修，但不影响住宿。
1,房间不算大，中规中矩。北方的服务就真的不敢恭维了，CHECK-IN后都没有服务生帮你拿行李到房间去。周围都是酒店没啥逛的，自己吃早饭可以去万豪和喜来登之间那条路的永和豆浆店，很便宜。
1,环境不错，但是当我下午去住的时候，居然订的三间房一间都没打扫。
1,酒店有点旧，不知是什么时候建的，感觉远没5星标准房间跟三星酒店没太大区别，只是大了一点点而已服务还不错
1,喜来登的总体还是不错的，比较这个酒店时间久了，比较老。早餐还是不错。不过，在东北这个还算可以的。
1,入住喜来登前电话咨询过一些问题，礼宾部的ke接待不但接待了我，而且还为我的沈阳之行进行细致的安排并在前台留下了信息。在这里再次感谢。入住之后的感觉也很好。就是房间的排风扇声音太大，影响睡眠！
1,"环境不错,但服务速度稍慢。希望服务人员脸上多带些笑容。"
1,"酒店位置不错,房间设施太旧,早餐还好.总体感觉一般"
1,经济实惠，房间毛巾不够白，千万要住8层以上，4层的KTV太吵了！
1,"房间很好,价格也不错,服务也不错,就是不好停车."
1,环境地理位置很好，交通方便。房间舒适，服务很好
1,"普通标准间的房门都太次了,包括卫生间的门,而且钥匙卡很不好用!还不如就住经济间呢!早餐还不错!"
1,"前台服务态度非常好,房间大小清洁也都不错退房当天早上才通知延至下午三点退房也ok.离万象城近有机会还是会入住."
1,"性价比非常好的酒店，房间设施超好，前台服度超好,商房配,床稍硬..."
1,"硬件不错,商务酒店里面算是有特色的了。服务中等，前台不错，但房间服务一般般。价格比较贵，不过行政间大抵都这样子。位置有点偏不太好找，出租汽车司机有些找不到，说是万象城附近，但要绕进去"
1,店客房很不错，位置也很好，就在万象城背后，晚上到万象城逛非常方便，交通很便利。
1,"性价比非常好的酒店，房间设施超好，卫生间分了3个部分，淋浴房，卫生间，化妆间，非常干净，装修很有欧式风格，枕头舒服，床也大,服度也不,商房配,下次!"
1,性价比非常好的酒店，房间设施超好，卫生间分了3个部分，淋浴房，卫生间，化妆间，非常干净，装修很有欧式风格，就是枕头不太舒服，一个太低，两个太高。
1,地理位置虽说很市中心，但出入除了打的外其它交通都不是很方便。离万象城相当近。
1,4年前住过，我和德国同事都觉得很不错。今年我又选了豪门，还是觉得很好。自助餐品种丰富，房间宽敞大气，宽带速度很快。一个字：值！
1,不错，我住过的最好的酒店，有家的感觉。让我抱怨，天啊！比我家里还舒服，怎么能让我睡得着觉啊
1,豪门对过生日的客人还是很不错的，有11朵玫瑰，还有一瓶圣彼得堡干红，那张有着很多工作人员签名的贺卡会让你觉得温馨。
1,最实惠的635的套房优惠政策竟然对CTRIP不适用了，这令人很不解。直接打电话给它，它会有638元的优惠套房，很多优惠政策的。
1,广交会期间没有免费饮料吧了，没有免费长途电话了，可还是想来住~~不过，广交会结束了以后还是没有恢复之前635送100元代金券，饮料吧免费，及免费长途电话的服务，有点想不通。有段日子没去了。
1,住来住去还是最想念豪门。尤其是他们对待常客的优惠态度，check-in的时候不用押预售权，不用证件，就可以办妥。时间快得很。
1,"酒店服务还不错,在宜宾已经很好了.但是携程的价格一点都没有,豪标B在前台打折价265,携程263,希望以后携程要大大改进价格偏偏高的问题,才能有吸引了!!!"
1,酒店挂牌2星，但确实不错，物超所值，在市中心，交通方便，出门做三轮车很方便，但对自架车的就不太方便，没有停车场。
1,总体还可以，交通购物比较方便，设备在宜宾算是还可以了。早餐实在太差，去了3次，每次1周。。。去到第二次也就不能在那吃了。。。每天都一样，品种还那么少。。。恩，晚餐的套餐也就1种。。。
1,酒店很大，服务太差，Ａ楼房间也老，下次再也不住了。环境很好，打高尔夫的或许可以忍忍吧。
1,"不错,住过几次了,值得推荐!酒店外就有超市买东西挺方便的:)"
1,宜宾这个城市给人感觉脏、乱、小，但是宜宾大酒店却给人相对豪华的享受，比起同城的另外两家4星酒店条件要好很多，不过还是有不足，例如电梯运行慢，停车不方便，进酒店的通道太隐蔽（没去过的不容易找到）。
1,价格和设施还是成正比的。这次给客人预定，反映还是不错的。
1,除了交通稍微有不便出入都要靠taxi或自有汽外其他方面都ok也很合理
1,"很安静,隔音设施不错.服务员态度很好,下次还会选这里"
1,环境很不错，地理位置好。客人每次都住这里的。应该是挺满意的了。
1,"房间很大很干净,服务也很好,五星里面算很便宜的.下次还会来的."
1,第一次老定酒店，老反映不
1,"很不错的酒店,性价比较高,酒店房间很干净,很安静"
1,房间很大很舒适，服务也很好的，价格也是五星里面算便宜的
1,硬件很好，我的外国朋友很满意，就是房价分类比较复杂。
1,"酒店的西餐很不,特是晚上的自助餐,烤肉非常有特色."
1,"酒店有世外桃的感,境非常美,不如果有自,交通就不是很方便了."
1,"印象最深的是,拉开窗帘时的感觉--外面是一高尔夫球场--很惬意!房间也不错,就是停车不太方便--太远了,刚好又碰到下雨."
1,这年头居然宽带还要收费，发了2封邮件用掉80多元，有点想钱想疯的感觉。酒店房间一般，就这样子，交通还算便利。唯一好的是自助餐厅，去的时候真好半价，性价比较高总之，我不会住第2次
1,"很好,服务很好,环境很好,价格也还不错,很满意"
1,酒店整体环境那是没得说，除了房间不太隔音。哈哈，我隔壁很热闹哦！
1,酒店设施看得出来质量不是很好，细节都很粗糙。服务还可以
1,"酒店挺不错的,地段也好,门口的服务生也很热情.只是最近在装修,早上八点多就开始敲墙,把我吵醒了,有点影响睡眠.但总体来说还是挺不错的,值得入住."
1,地理位置很好，离公司相当的近。每次珠海的老总过来都指定该酒店。
1,酒店整体还不错，就是地段指引比较差，找一些酒店内的设施问好几个人才找到。比如游泳场就让我找半天，太偏了
1,"总体来说还是可以的,我住过很多次,最主要吸引人的地方是每天可以打3个小时的长途或者市内电话,电视机破了点,希望可以更换."
1,"房间还算可以,只是价格性价比还需要努力,688元这个价格在郑州可以住其他宾馆了."
1,去年出差时就住过中州，当时带客户去的，感觉不错。所以今年出差又选这家了。
1,"每次去河南基本上都住这家酒店,环境设施都不错,房间宽敞,服务也好!"
1,去郑州好几次，都在这里住。有一次免升，住大堂左侧一层的房间。酒店很安静，服务也好。前台小姐虽然不漂亮但服务很到位。退房速度极快。下飞机来酒店时免费班车，退房后去机场要付费。下次来就住这里。
1,地点一流，房间设施比较陈旧，价格也越来越高了。好象携程的优势越来越不明显了。
1,位置很好，走路到文庙、清凉寺5分钟都用不了，周边公交车很多很方便，就是出租车不太爱去（老城区路窄爱堵车），因为是老宾馆所以设施要陈旧些，
1,在香港难得有那么大的房间，不过就是卫生间旧了一点。对于去香港血拼的人来说这是最好的选择，因为酒店就在海港城内，偌大的海港城逛一星期估计也难以逛全，逛累了还可以直接到酒店歇一歇
1,总体来说还可以！就是房间稍微小一点，床也不太大，家具有点旧了，但是比较干净。服务还可以，饭菜的口味也不错。比较经济实惠！
1,酒店位置不错，作为一家准四星级的酒店，大堂比较小；房间设施虽然有点旧，但是很干净，服务很好；早餐还可以就是价格高！总的来说还是可以推荐的
1,房间环境还行，还有液晶电脑，晚上还有水果，就是周围购物要走点路，整体还行
1,除了部分设施有点老之外，是很好的酒店。尤其是服务很到位！餐厅的服务员点错了菜，导致结账多了50多元，不用一分钟就立刻改正解决，很好！！
1,地点不错，服务也很好，提供好几种枕头选择，包括晚上有送一杯热饮，非常贴心，以后还会入住。
1,酒店还可以，好像和银行在一个楼。酒店热空调聚热，一开始不知道，开了很大，中间睡觉被热醒了，有点夸张。卫生间巨大，可以房间很小。屋内设施有些老
1,我入住的是商务大床间，性价比很高，房间还有液晶电脑，可以免费上网，服务比较人性化，晚上免费送的果盘，而且在床头放了一枝鲜花，感觉比较温馨，房间各种小吃饮料一应俱全，美中不足的是家具有点陈旧~~~
1,不错的酒店。每次去泉州都住的。早餐很丰盛。门口有大巴车站，交通方便。（但是大巴是中旅的，习惯很差，喜欢在市区兜来兜去到处接客，从一个站到另一个站，非常耽误时间。商务客人最好去中心站坐车）
1,房间还不错，装修看起来很舒服。但是商务间电脑由病毒，上网很不爽。晚上会有骚扰电话
1,酒店设施很陈旧（预定时携程网是提醒过的），卫生也一般，与四星标准有些不般配；房间钥匙是查卡（芯片）式，由于用的时间长了，接触不良，经常开不开门，连服务员也要连试几次开行，很不方便。
1,这个酒店非常不错，环境也还可以，价格一般，不算是最低的价格。
1,餐厅装修停业却无通知。正餐时间只有一种自助，别无选择。如此寒冷季节还要外出寻找饭馆。
1,(1)房间卫生干净空间大!(2)早餐美味风富菜色多!
1,"不的商酒店,地及交通都挺合短期出差的房也敞,值得推"
1,"酒店的早餐太差,多少年都一样,果汁也改为果珍了,实在和4颗星不符!"
1,"很不错的一个酒店,床很大,很舒服.酒店员工的服务态度很亲切."
1,房间还可以，床和枕头都蛮舒服的，就是靠马路有点吵。总的来说还可以吧，以后去还会继续住的。
1,四月清明假期去的，早餐一般，停车场不够，晚上晚一点回去就要停到对面没人管的空地。
1,服务很不错，服务员也很有礼貌。房间宽大，设施非常全，房间拖鞋不错，比其它酒店的好多了。酒店位置也很好，购物，娱乐，都很方便。总体很好。
1,初次入住京华大酒店感觉大堂非常的靓丽，房间够大非常整洁。东芝液晶电视，HBO。酒店三楼中餐厅的扬州狮子头爽嫩滑口。酒店出门就是商业中心，步行至瘦西湖也就10多分钟。
1,"我昨天刚从承德回来,感觉盛华酒店的房间真的不错哦(除了楼道有些异味儿),可能因为是淡季的关系吧,客人不太多,但是服务很好。超赞的是，晚上叫的果盘，50元超级大、超级新鲜，去的亲们一定要试试哦。。。"
1,环境一般，房间还可以！交通不是很方便，服务也是一般化！
1,酒店的位置非常好，离西街真实零距离。。酒店是花园式的，有点感觉像在大观园。。。。湖景房的视野比较好，，看到山，看到水。。不足的地方就是前台的工作人员好像反应比较迟钝，，工作效率较低。。。
1,这个酒店不太好找，因为不太有名。它的位置其实是在皇家酒店对面的左家庄东街上。因为它离国展很近才选择了它。
1,价格比较合理，位置及环境也不错．早餐虽然简单也还不错．
1,"干净,交通方便,服务态度也不错,368的房间带的早餐也可以.就是老宾馆,设施较老.价格略偏高"
1,总体来说，还不错。房间比较干净，服务也不错
1,入住的是贵宾楼，房间面积还算大，感觉硬件和服务都还不错。缺点是隔音效果不是很好，住隔壁的同事说竟然能听到我打电话的声音，而且走廊上其他客人的声音也吵醒过我2次。
1,"酒店房间太小了性价比不是很好,不过越靠北越是这样,没有办法啊,还是南方的酒店性价比好!"
1,酒店位置很好，在西街的街口。酒店内环境优美，就是自助早餐价格太贵，品种也不多。7月份住了3天，感觉挺好的。
1,携程只能订到老楼，贵宾楼订不到。前台服务员给我做了升级，升至豪华房。装修有点老了。不过太仓本来就没什么好酒店，也就这家是五星级的了
1,酒店的服务是不错的，但是硬件不够五星标准，什么都要再收费。晚上的自助餐很值，酒店去市中心的巴士也很方面。如果在住上不想花太多的钱，可以考虑！
1,"我们是为了看""火凤凰""表演去住这里的房间算大客房服务也很好但房价稍贵了点那个""火凤凰""还挺好看的有机会住环球城的可以去看看!!"
1,其实这个价格相对这个状况的酒店已经不便宜了（360元），这个季节，这个城市乱七八糟的。但是相对这个（4星）级别的，已经算是还可以了
1,"酒店的整体感觉一般,但是前台的小姐和先生很热情.但是酒店的餐厅只接受现金,很不方便.希望能把帐转入房间号中."
1,据说是秦皇岛还不错的饭店，但是感觉硬件设施一般。卫生间很旧，而且有异味。个人认为，整体来说，价钱偏高了。后来去了海边，认为那个假日酒店应该更好些。服务没有什么问题，但是也没有什么特别值得一提的地方。
1,大体感觉不错，环境也还好，离海边不远，只是附近没有什么超市，小卖部，餐馆一类的，不很繁华。离老龙头挺近的，走着就能到。
1,感觉不错，舒适、卫生、安全方面都不错，只是晚上夜深时外面马路的汽车路过声扰人。
1,房间条件不错，设施齐全。208的价钱合理。不足之处是隔音不好，能听到外面的车辆嘈杂声。如包早餐更好~~呵呵补充点评2007年12月14日：最不好的就是八楼的娱乐场所~~~进出人员复杂
1,"服务尚可,携程网协议价偏高.本人发现其他公司协议价只有366元(含早)."
1,整体感觉良好，我住的房间可以直接看到市政府大楼，出行比较方便，下次去威海还会住。
1,交通便利（轻轨曾家岩站就在酒店门口）、价格合理、环境闹中取静、服务设施齐全，值得推荐！就是淋浴花洒老旧，不好使，应更换。
1,还不错的一家酒店，位置比价安静，房间也还不错，就是出门打车要走出一段距离。酒店商品部的服务很一般，态度极其冷淡，应该下岗。
1,每次重庆出差，基本上都住雾都宾馆，宾馆很温馨，服务周到，价格合适，交通方便......各方面都不错，下次去还会住雾都宾馆！
1,此次入住双人豪华商务房有提供计算机，饭店位置离机场巴士终点上清寺站打出租车起步价五块，坐轻轨在曾家岩站下车Ｃ号出口。交通位置方便，住起来也安静。
1,对的起价格。还有就是安静。就是大床竟然是二张小床拼的。让人郁闷。就是看他安静。所以我每次来还是住这了。
1,住在9楼，还能看到江景。不错。位置倒还一般。到机场30分钟，也不堵车，不过这个路程，在重庆却是不算近的了。就是结帐外卡不能用，与网上说的有点不符，也没什么明确的理由。
1,"环境还不错,在西街头上,又有相当的一段距离与吵闹的西街隔离,非常安静.但是:1.不能上网,与四星水准不符;2.同去旅伴抱怨房内有霉味"
1,因为要去高新园区，图个方便，门口交通还不错，有轨道交通。商务旅行，网络能让人满意。早餐令人失望，没啥吃的。还有最近似乎涨价了。
1,"房间格局还可以,但是从4星级的酒店角度看，没有浴缸也不失为一美中不足"
1,位置挺好，标准间特宽敞，服务水平一般．若到星海广场玩一天并晚上观看剧场真人秀可选此店入住．
1,"山水宾馆的设施比较旧,餐厅也是比较旧,住宿不含早餐,需要另交费."
1,应该算是阳朔最好的酒店了，在西街头上，距离汽车站又近，地段没的说了。而且要过一个桥在到酒店里面，闹重取静，也是一大亮点。不过阳朔毕竟是小地方，酒店房间设施应该达不到四星级的标准。
1,客人反映不错.主要是靠近金融街和西单.商务谈判和购物都比较方便.
1,"我住了2009,房间床头左边的睡眠灯开关不管用，右边的只能关，半夜要开灯太不方便了！街上的饭店20:30就关门了，太早了点吧。"
1,"酒店设施还可以,服务也不错.值得一提的是:早餐不象是所谓的五星级的早餐.门童的服务也不到位!其他都还好!"
1,"服务很不错,房间效果也很好.但为了赶飞机,不知道早餐如何?不过下次还会去住的!"
1,郴州第一的酒店。可惜离市区太远了，办事非常不方便。酒店的硬件相当不错，但服务员缺乏培训，对于入住和离店的手续办理速度过慢。酒店的华天食街相当方便。
1,当地最好的酒店！但是五星级酒店不是地方标准，所以在硬件一般的情况下，还得在服务上狠下功夫，向优秀的五星级饭店看齐。
1,在株洲基本没有别的选择了，只能这家！总体房间还可以，但是吃早餐的地方太小了，非常拥挤，而且品种也很少！
1,位置很好，就在南京路步行街后面，逛街购物很方便，然后离人民广场地铁站也近，交通很方便。
1,还不错，第一次来入住，总体印象好，交通也很便捷！
1,黄金地段，算是性价比比较高的吧，但是环境一般~~
1,地理位置很好，离南京路只有大概五十米的距离．房间环境不错，价格也比较合理，在南京路那边还是有竞争力的．前台服务也很好．
1,服务还是不错。房间有些陈旧了，周边最近最近在建楼稍稍有些不太爽，不过关上窗户也没什么影响。所处位置在成都算是不错的地方，而且接近民航售票中心，对于来回去机场很方便。
1,地理位置比较方便，环境还算不错，比较安静，房间也很干净！
1,地理位置比较方便，环境还算不错，比较安静，房间也很干净！宾馆反馈2008年6月19日：尊敬的客人您好，
1,酒店位置不错，在市中心最热闹的地方，购物和吃饭都很方便。标房房间比较小，卫生间台盆下水有点慢，其它都不错。
1,酒店地理位置不错服务人员态度很好感觉很舒心~大堂是小了点但还算干净明亮房间设施还可以~总体来说这次没选错呵呵~下次仍然会考虑入住雅戈尔富宫...
1,位置好，服务不错；房间也不错；不过酒店的大堂和硬件离4星还是有点距离的
1,地理环境不错，购物吃饭都方便，就是房间隔音效果不好
1,那里的环境很好，只是价格有点贵，打车需要走一段路，自己驾车的话较方便，服务态度很好．
1,又涨价了！价格极端不稳定，不在携程订了，直接去前台。
1,好于预期。如果服务更好一店，价格更加合适一点的话，会更加有竞争力。
1,"不错的地方,性价比较高,有机会还会住,呵呵."
1,"哈哈哈哈.....居然还可以继续评论啊那就给满分了下次去了继续住忘记说了,有房内按摸的服务的可惜没时间去试了,下次去还会住的......"
1,酒店的条件很好，价格也很便宜（190元）
1,贵宾楼的房间还比较有档次。但是大床间里，机顶盒的信号奇差！浴室里没有浴缸，拖鞋质量不好，床上用品业一般。国际饭店的环境还是不错的，闹中取静。
1,酒店还可以，就是性价比不高，要是便宜点就好了。
1,"天津为数不多的还可以的酒店,比喜来登,凯悦好多了.酒吧设施差了点,健身房差了点."
1,还行，就跟网友说的一样，地毯比较脏。但临安小地方有这样一个地方不错了。
1,"不错的酒店,装修和风格都很好,是郑州最好的酒店了.可惜没有时间好好住,因为是晚上到了都一点半了.早上八点半又开车走了,所以只觉得房间很舒服,早餐很好吃哈哈哈哈........."
1,对该酒店总体感觉良好，以后再到临安还可以入住该酒店。建议酒店在安排两间以上客人房间时，南北朝向搭配好，就更好了。
1,非常不错，实惠，虽然不含早餐，但是也很实惠，房间很大很干净，地理位置不错，卫生设施一流，下次一定还选
1,住了无数次了，中轨中距，差不多四星吧，也没什么太多可说的。上海的酒店都比较贵，徐家汇这里也没什么价位始终的了。其实，如果是旅游，大可以去旁边的天平宾馆，价格低了很多，离地铁站也不远，房间也没什么不好的。
1,出行比较方便，房间也很安静，住徐家汇就住宛平。
1,地理位置佳，交通方便，酒店服务、设施都不错，在郑州算好的酒店了，以后有机会去郑州还住裕达。
1,环境还行。服务质量不高～～前台接待员缺乏礼貌用语，行李没有服务员运送，也没有导行的服务员。进了酒店要自己做所有的事，包括找自己的房间。
1,"地理位子不错.房间也不错.早餐很丰富.开始给了我间拐角的房间,很小.还好我经常住这家酒店,知道这房间的大小所以叫前台换了.所以感觉这酒店还是有点欺负老实人的感觉.大家一定要多多注意."
1,酒店非常赞.性价比极高!下次还会继续选择.
1,房间比较小，打车不是很方便。还有早饭种类比较少
1,房间干净，安静，陈设较新，服务员态度很好，交通也很方便，步行十分钟可以到达天坛，去北京火车站也有直达的公交车。就是2楼的餐厅菜的样式太少了，没有旁边的王府饭店菜肴物美价廉。
1,"房间很大,老公每次去都定那里,在郑州算是不错的酒店."
1,威斯汀真的是不错，设施环境都很好！几次推荐给外宾入住，都很满意。就是价格较高，适合招待客户。
1,非常不错的酒店，就是价钱太贵，如果以后遇到打折一定还会入住！
1,不愧是westin，房间就不用说了，游泳池啊roomservice都很不错！卫生间很大！
1,酒店地段好，设施高级，服务业不错，2楼有个意大利餐厅很不错的！
1,酒店非常的好，位子也还不错。楼上的餐厅可以看到很美的上海夜景非常喜欢，价格太高啦
1,要好服务的酒店，椒江就这家了。帮客人晒衣服，服务贴心。海鲜味道也不错。
1,房间不错，交通也很方便，早餐很丰盛，应该能够满足大部分人的要求，出门左手一直走就是江滨公园，下面就是海鲜城，可以好好品尝一下！
1,服务相当不错，还提供免费机场接送。早餐很丰盛，硬件稍显老。下次还会再住
1,房间装修虽然旧点，但是格调还行。服务员不错，我那天忘记把衣服带走，过了好几天还能找到。
1,确实和前面住过的人评价一致，服务态度很好，是我住过3星酒店里面最好的3星酒店，唯一感到一点不足的是空调不热。
1,条件还可以，服务不错，酒店人员态度很好，早餐尚可。但总体感觉携程的价格略贵，比很多公司的协议价格都贵，这不大符合携程的地位啊。
1,几个月前，曾经住过一次国际金融。感觉不好，就住鸢飞了。这次朋友到潍坊，鸢飞客满，那何妨再试试国际金融？兴许改进了呢不料朋友还是摇头。我以后自己住一次，看朋友是否在骗我。
1,"酒店倒是不错,可惜的是早餐的品种是在是有限,而且以中式为主.另外,空调的声音实在是太吵了,开的小,晚上还比较冷.希望改进吧,下次去还会住的"
1,在宽带和早餐服务方面略有不快，好在大堂经理和餐厅领班及时出面解决了问题。我住的是豪华大床房，房间宽敞、布局合理，很不错。总的来说很满意。
1,"大床非常舒服,早餐很丰盛,前台业务不熟练,予授权搞错,耽误时间."
1,房间隔音不好。网络环境还好。临街的房间比较吵。
1,地理位置不错，离大型购物中心不远，性价比非常高，每次来大连都住这里
1,我选择这里主要是看中游泳池，其他真不怎么样。隔音太差，早有人评价；早晨（7点左右）洗澡水是凉的。真的很犹豫，以后还住不住在这儿。
1,总体服务不错，高级房装修还可以，隔音太差，空调声音吵。但总体尚可
1,地理位置还不错，就是房间隔音比较差，性价比还可以了
1,酒店位置很好，交通也方便。电梯管理系统可能比较老，不支持单双层或高低层。每天早上电梯较忙，等待时间长。另外房间设施较老。宽带免费是优点，比较适合出差住。
1,住了这里一周，感觉去张江这边公司很近且打车方便，房间和环境个人感觉还不错，如果要求不高，路对面的小店吃吃饭也可以，总体感觉不错!
1,环境不错。不过离泰山还是有段距离。要是能包含早餐就好了。
1,房间内设施有些旧，但洗浴设备还不错，洗澡水温度好，水量大。比较卫生。感觉比较适合工薪层家庭旅游时居住。
1,嗯嗯，基本满意，只是对和我同去的老外分到的房间就比我N大有点不爽。浴缸的落水坏掉了，只能淋浴。不过来修的倒是挺快，虽然米有完全解决问题，至少还是很积极滴。
1,还算不错。要说是4星，设施还差点。不过，泰安酒店普遍不好，这个也算凑合了。
1,酒店非常好，距离高速出口很近，服务也很到位，值得推荐的酒店，到泰山应该是最好的酒店了．
1,该酒店为北京天鸿房地产公司投资，环境较好，但距老市区和登山较远。有些房间不是很干净如RM3017，商务大床间还可以。补充点评2007年12月18日：对了，洗澡热水很不好调，建议改进
1,因为是晚上入住，没看清整体外貌，不过感觉还行，很幽静，大堂很大，标间宽敞，家具不算很旧但是台面被茶杯烫的一个个白色斑点。卫生间干净热水很大，毛巾很白很干净。离金山风景区和天下第一泉景区很近，很方便。
1,位置好!性价比好!环境好!缺点是较旧.
1,"因为带了车,所以住在这个离市区远一点的地方.环境真是不错,就是房间旧了一些"
1,环境很好；房间一般，刚进去有点霉味；住1号楼底层，很安静；洗澡喷淋水量非常大；从宾馆去金山寺可以从金山寺的一泉路后门进去，就在宾馆门口不远。
1,这是一家古色古香的酒店，挺有特色的，尤其是回廊里的鱼很多，孩子喜欢，酒店本周的环境很好，服务也不错。只是离碧海金沙远了点。
1,"环境不错,早饭的种类不多,宣传有健身,居然还要自己交钱的.其他都还好"
1,酒店环境比我想象的好，房间也非常干净。我住的是400一晚的。早餐时间比较短，睡过头了就没有去吃。但是古色古香的环境还是不错的。
1,软硬件设施都很好，房间很人性化，感觉很舒服。服务很到位。饭菜也很可口。下次会再入住。
1,环境很好，闹中取静。送餐服务太贵，超出这个档次的同类酒店。
1,我这次住的超好，现在前面的几栋楼房间都是新装修的，超大的液晶电视机，可以用来上网，爽极了，物超所值，不过有涨价了，原来300，现在330了，不知道还会涨不？
1,客观地说，应该已经是石家庄最好的酒店了，各方面都还可以，房间稍微有点旧了，毛巾不是很白。不过下次还会选择
1,不错，服务还是和以前一样。比较满意....补充点评2008年6月13日：贵宾楼层的豪华间比较旧了，不如楼下的豪华间装修，不过还是不错的，视野开阔，附加服务也比较到位！石家庄的酒店我还是觉得世贸是最的，呵呵。
1,"房间设施可以,但空间偏小,客房电梯很特别(没房卡上不去),很适合某些人使用(偷吃).....前台服务一般...."
1,很不错的酒店，当地最好的，豪华房可在24层办理入住
1,最后调整到新翼楼，是他们新装修的楼层。还算不错的，浴室面积很大，早餐比较丰富，但是挺贵的：）
1,前台说话比较生硬，门童服务意识很好，跑大街上去帮着打出租车。硬件都很好，不愧曾经是国际连锁集团的酒店。
1,酒店地理位置很好，对面就是石家庄最好的商店――先天下。贵宾楼层客房冰箱里的软饮是免费的，还可以享受酒店欢乐时光免费茶点和酒吧优惠等等。总之是物有所值的五星酒店：）
1,对这次携程网提供的世贸广场酒店很满意，服务态度一流，环境也不错，只有房间的装修感觉稍微久了点。补充点评2008年2月10日：要补充的是：我们这次住的是豪华套间，房间的电视稍微小了点，要是液晶的就好了。呵呵
1,"石家庄最好的酒店,服务是非常不错的.硬件由于这个城市的原因,所以也没有办法挑什么,但是非常可惜,这个可是在省会的城市啊...省会的城市不应该这样吧,4星里面不如BESTWESTERN旗下的...."
1,房间很大，大堂很漂亮宾馆附近餐厅很多
1,498元的价格不是很厚道，但位置还是可以，预定时携程说酒店要信用卡担保，担保后到了酒店时，酒店说我预定的标准间没有了，免费个给我升级到套房。房间很大，感觉不错。
1,境很乾，也很安。我到天津都住家酒店。不浴室有，洗盆都破了。但是大床很舒服。
1,因为悦华酒店没房间了，才通过携程定泉州酒店的。虽然最喜欢的还是悦华，其实感觉泉州酒店的装修和气派还是在悦华之上，就是服务和早餐差悦华了。
1,房间设施尚可，不过我的房间空调好像坏了，因为天气不冷也不热，没有管它了。这个酒店离机场较近，210一晚，推荐。
1,酒店离机场较近，方便，房间设施也不错，工作人员态度也挺好，但周边环境不是太好，靠街，比较吵闹。
1,入住的是80公社标准间，很有特色。交通很便利。唯一不太好的是看不到服务员，打电话叫的话要连续几次才有人出现。
1,住过几次东莞酒店，海悦的地理位置和早餐最棒，听说朋友说请来的厨师是有来头的，呵呵冲这个去的！
1,东莞的酒店在全国是出了名的性价比高，海悦算不错的，酒店有游泳池，去小游了一会，感觉不错。早餐品种也多，味道丰富。还忘了有个大堂经理是日本MM，好有气质！
1,酒店除了所处位置非常有优势外，其他的应该没什么了。设施简单、陈旧，但对于住一晚的我来说，也能将就。
1,酒店位置不错，距离海边风景区非常近。院内环境较好。缺点就是房间设施相对较陈旧。酒店用品显得有点旧。总体感觉还是不错的。
1,"酒店地理条件还算优越,出门就是景点,不过到处弥漫着消毒水的味道,心情实在是好不到哪里去...价格也太贵了点..."
1,因为悦华酒店没房间了才通过携程定泉州酒店的。其实泉酒的整体比悦华大气，装修也很讲究，唯一比不过悦华的就是服务和早餐。
1,比去年有较大的进步，尤其服务方面。毕竟加入了最佳西方的管理体系。早餐不错
1,"早餐很好,条件也不错,就是隔音效果差了些宾馆反馈2008年6月3日：尊敬的宾客：您好！感谢您选择入住我店！对于您反映的房间隔音问题，我店现已计划对客房区域进行改造，届时多数客房的隔音问题将得到较大的改善。"
1,"1.希望房间的改造加快进度,改造完房间不错,没有改造好的房间的确是三星的感觉.2.早餐很有特色,很不错."
1,"再次入住该酒店,令我有种涣然一新的感觉,入住了新装修的房间感觉不错,服务也很好,早餐也比较丰富,下次我还是要住请水湾!"
1,由于公事出差上海，经朋友介绍推荐了清水湾大酒店，抱着试一试的心态，预定了该酒店，一进酒店就感受到酒店服务人员的热情，房间的感觉蛮新的，也很安静，下次出差还会继续选择该酒店。
1,"酒店的大堂环境比以前有所提高,可能是因为鲜花摆放的原因.房间的设施干净,清爽,很舒适."
1,位置好，房间大，服务到位，是商务和出差的首选。
1,装修不错，服务不错，价格有一点点高！！如果价格能少一点，我想会更多的人入住
1,"总体评价一般或者还行吧,只是性价比有些偏高,服务还行,尤其是大堂的大河旅行社,早餐相对丰富,豪华间不值,除了面积大些,个人而言不比普通间好在哪里"
1,4星级的酒店，环境不错，宽带免费上网速度挺快，早餐也挺丰盛的。报告在郑州4星级的酒店这个价格相对来说还是贵了一点
1,酒店的硬软件都还好。每次预定房间时我都要求要无烟房/无烟层，但是每次到酒店check-in的时候都说没了，因为在住的客人延期不退房了。每次都那么巧？？？
1,酒店设备，环境都还可以，就是早餐不怎么样。而且晚上有不明电话。女士接起来以后说是要不要足底按摩。希望可以改进。
1,"这次去泉州有三个国外客人一起同行,还是入住了泉酒.大堂有水仙花装饰,有一股清香.环境很好.以390元的价格入住,超值.客人称赞酒店很不错,我想这是每个入住客人的同感."
1,"名不副实,说是""准5星"",充其量准4星.基本设施(家具,洁具,电器)陈旧,而且落后,大概90年代中期水平.毛巾黑且硬."
1,关于1元的保险费，钱虽少但你应该事先告知，哪有强买强卖的，因为赶时间所以就没计较，有时间一点好好理论一下。
1,"去之前看过点评,好象满差的，但似乎哈尔滨的5星级都满差的，于是只好选了它实际去住觉得还好印象最深的就是电梯特别特别地慢地理环境不错,出去有很多能逛的地方"
1,前台服务较好，对于未按照预订时间到达的客户，还能够保留预订，但是沟通技巧不是很好，上次住时没有用携程的预订，感到服务很好，所以这次用携程预订，但是感到两次服务不一样了。
1,"酒店周围的环境不错,去景点都很方便.前台态度不错,入住和退房的速度很快."
1,房间隔音不太好，但是整洁舒服，服务尤其满意
1,帮助客户预订的，酒店的地理位置和设施都很好，购得上四星标准！
1,住好几个沈阳的酒店了，网络都不好，这个也一样，尤其是晚上11：30以后，好像就断了，再也连不上。郁闷死！酒店比较安静，但是大床是两张单人床拼的，不太爽。酒店周围吃饭的地方不多，也不太好！
1,"很不错的酒店,服务和设施都中规中矩.好象宽带有点慢."
1,地点不错，从客运站坐TAXI到饭店大约7.5块，柜台小姐先生服务很好！房间更是优，乾净整洁舒服，一晚355的价格，算很划算。不过早餐有点贵！下次去泉州还会去住。
1,"总体感觉不错.价格适中.用餐条件一般.酒店自己的餐厅不太好,隔壁的大连海鲜餐馆尚可,但不能在酒店客房签单,不是很方便."
1,不错，推荐！周边环境有点冷清。去机场方便。硬件不错。
1,"我这已经是第几次入住政协会馆我自己都记不清啦,每次都是那么舒适、温馨、周到、亲切！！！用咱东北话讲，那就是：“啥也不说了，那真是贼拉的好啊”！！！"
1,"地很近北站,打的不跳.服很好,尤其是前台和bellboy.大床房床"
1,性价比不错，我是住的东晖楼商务房，早餐也不错，门童不是很主动，押金是我住过的酒店里最高的，大堂主管很好，现在没带够，卡的密码又输错，导致押金交不足，主管帮我签了个字，舒心
1,房间整体感觉不错，有家的感觉，但床比较小，而且给我们的房间阳台外面就是锅炉台，有一股味道。早餐一般，没有想象的好。酒店附近的环境不错，边上就是家乐福，购物吃饭都很方便。
1,"一直帮国外同事定的酒店,非常好的环境和房间"
1,房间宽敞，条件不错。周围环境也可以。周围无合适的公交车，出行需要用出租车。
1,酒店房间到是不错，就是位置稍远了些，但是酒店有免费的班车可以直接把客人送到地铁站方便客人出行，不过要提醒大家要看酒店班车的排班时间。
1,服务周到，地理位置很好，无论是在环市东路、淘金路这一带逛街或者吃饭都很方便。而且在房间里上网是免费的。
1,不错..性价比合理.交通方便就在远洋旁边.宾馆反馈2008年4月25日：谢谢您对我们酒店的支持!
1,挺不错，价格好，房间也不错，交通也方便。值！
1,2月春节时去住才288元，现在五一长假预定居然要388元，不知道这100元是酒店的原因还是携程的原因而大幅上涨？过节涨价的理由是不存在的，因为春节都没有涨价。
1,"客房设施还是挺不错的，环境不错,服务也不错，就是早餐太烂;配套设施挺好的就是太偏了,交通不便，总觉得有点欠缺。"
1,总体环境不错服务也很好细节上处理的不错
1,"地理位置很好,房间也比较舒适,只是携程的房间都是在有停车场的一面,而且还有个大烟囱,不是很爽."
1,总体还可以！但是网络太次了，对于商务出差的很受影响。公众网都很慢，别提公司的VPN帐户了，根本就是时断时续，而且只能收不能发！在大连头一次碰到这种事情！
1,非常的好，宾馆里面太漂亮了，服务态度也非常好，床单很干净，去同里一定要住这里。只是美中不足的房间里的地毯陈年痕迹显得太脏了，建议能更换成地板显得干净也好打扫
1,我们入住那天，整个世德堂只有我们一家客人，夜晚红灯笼下的美景、安静的宅子，实在让人难忘。如果打算在同里住一晚的话，这地方是最好的推荐！闹中取静，美不胜收。
1,一流的环境，在当地来说没有别的选择了，85分吧。
1,"房间还算干净整洁,服务也可以,以这个价格来说,不错了,建议大家要定有窗户的房间,但是餐厅不够好,有一次吃的蘑菇是酸的,附近没有超市,不太方便,买水果都要走很远,"
1,房间整洁，干净，携程价位不算高。周边环境一流，是个修身养性的好地方。
1,不好的地方就是我们搞不明白这么差的兴安县城怎么会有那么好的酒店，呵呵，乐满地我们没有去游，可能是因为那里吧
1,非常不错的酒店，环境很好，空气也很清新。我一起入住的同事还建议我们公司的年会就到这里来开，呵呵
1,环境不错、床单毛巾洁净、服务还行、房间宽敞，但感觉茶几、桌椅、地毯、浴帘有点脏，床垫不太舒服。总之，可以打4分。谢谢！
1,看不出与5星酒店有多大关系，有虚的成分。50元的早餐，完全的名不副实，我看撑死值30元。
1,在南通这种地级市，能有这样的宾馆，算是很不错的啦。有一些小的缺陷，但不会影响质量。
1,比较普通的酒店，服务还行，设施也一般，楼下的自助餐非常好，菜品非常丰盛。房间就比较普通了。
1,非常好的一个酒店。我拿到的是特价房，感觉物超所值。
1,房间环境都是很不错的。有几个问题还有待改进。1早餐比较单调2停车不方便，而且每次进出都要刷个卡，比较麻烦
1,房间不错，尤其是床一张大一张小，适合三口之家入住。服务台的小姐很热情，自助餐也不错，就性价比而言还可以。
1,感觉很您好环境也不错晚上很安静下次有机会还会选择住金叶的
1,三星级酒店，烟草公司投资的，但开业早，装修有些旧，房间比较大，但自觉不如如家等舒适。本来也没准备住星级酒店，但查携程未看到商务酒店。实际上我在商业区看到一家晋江之星，不知为什么携程没有。
1,酒店房间很大，比较卫生，但作为三星级酒店价格偏高，比广州北京的三星级酒店的价格高
1,房间不错，环境好，早餐不错，就是比较吵！
1,"因这酒店不在市区,所以总体服务环境还可以,但二楼吃饭的餐厅有点贵了."
1,酒店在当地来说还是可以的，位置也不错。餐厅吃饭价格偏高了一点，网络不是很稳定，老是断断续续，经常上网的不是很爽！
1,从门面看硬件好像还能唬人，仔细看，房间的装修真不怎么样，服务比招待所强不了多少。下次不会再住了。
1,服务还可以，价格不贵，周边交通还是比较方便，早餐一般，可选比较少
1,酒店有点旧，但是房间本身很干净。服务很好。早餐30元，东西还是挺多的，值得去吃。相对来说，酒店一楼餐厅80多元的晚饭就一般了一点。不好吃也不难吃，就那么回事情。
1,酒店整体还算不错，就是早餐券的购买方式太不合理，又贵，买了又不能退，最后被逼到酒店后的永和豆浆，携程可不可以为会员反映一下。
1,"总体还行,只是让人觉得不像4星级酒店.设施及环境还是差了点.价格也偏高.不过房间还是很舒服的,面积也很大.点评者"
1,环境很好，正好大雪，雪景很美。服务不错，挺热情的。房间空调很足。早餐时有些品种底下熄火了，不够暖和。
1,"环境和服务都不错,环境幽雅.不要忘去4楼观景平台,可以看西湖全景."
1,是在网上看过别人的点评才订的房间，总体感觉还是不错的，也许不是旅游旺季，所以人不多，服务态度很好，房间也特别大，感觉很舒服。
1,非常非常不错，强力向各位推荐，环境好，房间好，空气好，服务好，关键是房价是162元/天还送两份早餐，性价比绝对一流。再次强力推荐！！！
1,房间很干净物超所值价格也蛮合理的还不错
1,很好，就是早餐需要改进，希望增加房间上网
1,"房间设施还不错.就是有一个缺点.我住的是套房.就是客厅里的沙发坐着只能对着一副书法.为什么不是个电视呢.还算不错.还有,离周庄景区远了点.走走也要15分钟."
1,不错!就是洗澡的地方小点~~下回去还住这家~~
1,感谢“携程”推荐的干净、舒适、无干扰、性价比特高（248元）的《云亭山庄》别墅套房。现在只记得周庄有“双桥”、陈逸飞、万三蹄，还有在镇上农家餐馆吃坏的肚子。相比“云亭山庄”的晚餐非常可口，不错。
1,"这个酒店感觉性价比比较高.房间价格不算高,但里面环境还是不错的,房间里也比较干净,下次要是再去周庄还是会选择这家酒店的."
1,"湛江最好的酒店了,房间比较新,周围环境一般,总体的服务也不错.补充点评2008年7月6日：酒店的大堂非常大,也很漂亮"
1,在湛江应该算是比较好的酒店了，在霞山和赤坎中间开发区内。服务生的态度，大堂的环境都还不错，就是酒店外面的停车乱一点，应该好好管理一下。
1,"硬,服人切,但地略偏,美中不足.短期停留可湛江地首.然五星酒店水尚有些微差距,但整已具此血,景可期."
1,"马马乎乎!能住.标准不要太高.在小街上,出门没法打车.还行!住吧!"
1,房间很陈旧，周围环境比较乱，但地理位置还好，离机场大巴上清寺站较近．早餐的品种很少，没什么可吃的．交通较便利．
1,酒店位于别墅区内，适合全家人度假。南楼距离主楼比较远，有时感觉不太方便。酒店南楼的SPA环境非常好，推荐。
1,这个价格这种房间环境很不错，感觉很干净^_^兴旺楼给我个人感觉很雅...下次来，肯定还定这里。。。
1,是一个不错的酒店，推荐一下。服务很好，房间很不错。在大同应该说是个惊喜了！
1,"环境很不错的酒店,在宜昌应该算是最好的酒店吧.房间有点旧但是还算过得去."
1,"整个酒店的环境还是不错的,迎宾楼建的较早些,所以里面的设施有些旧,大概准四星级别,但是宜昌很漂亮,气侯非常舒服."
1,环境还算可以，但出入不是很方便。其它配套设备还过得去吧。
1,很新的也很好的，拥有豪华的设备设施，气派非凡，住着舒服，完全的超５星的！！
1,"物有所值,看来安徽人民币江苏人民是在得多"
1,"酒店建在一个小山丘上,花园式独立小楼,环境很好,酒店和建设,设备,设施都体现"
1,房间环境不错，但是外面走廊七弯八拐，让人晕！
1,房间确实不错，帮朋友订的，朋友说这里的服务很好
1,不错，下次会介绍朋友过去。房间挺干净的，服务态度也非常好。
1,住过好几次，我非常满意，这次价格398很便宜！不过周围什么商店都没有，这点不太方便。早餐是日式的，也很不错。
1,此酒点很不错，环境很好性价比高，下次还住
1,当地最好的，在全国算性价比不错的五星级酒店
1,感觉还可以，价格也不错！在当地也没有认真去看其他酒店，比较也不大。
1,"标准间很挤,房较小,宽带上网需要收每天15元,不象个5星级酒店,外部环境还可以,是庭院风格的,是唯一的亮点,餐费很贵.我看最多象个准4星的酒店"
1,"住的是大床房,但是房间小的可怜,设施还行,楼下的路上小摊很多,都挺好吃的.酒店楼下是手机卖场,一大早就很吵,楼层高点话还可以忍受."
1,地点很好，虽然偏闹了些。虽然没有早餐比较叫遗憾，好在成都是小吃的天堂而且尚能吃辣所以遗憾就少许多了
1,"入住这家挂牌四星酒店,与三年前感觉明显高了几个档次,大堂温馨,客房也不一样了,新改造的餐厅风格很不错,我很喜欢.服务员的微笑如浴春风,随时都有问候.性价比挺高,值得推荐."
1,经朋
1,交通便利，房间很整洁，价格也合理，服务很不错，工作人员态度也很好，比较满意，唯一不足的就是离4星似乎还差一点！
1,"酒店房间还是不错的,国庆节去房价上涨,如果平时去160元的话性价比还是很高的,离市中心远了点,打个的5元就到了,市中心其实也没什么,就人多点!"
1,我是开会带住宿的，住的商务房，新装修的，还可观赏滨河大道的夜景，挺舒服！另外会议室也有好几个，选择还是蛮多的！
1,我订的是标准房，没想到还送了我一份营养早餐，免费的，有水果、有酸奶，搭
1,1、服务不错，安静。2、不足是设备旧了点。
1,"比较满意,酒店比较新,房间也比较大,感觉还可以"
1,还有提琴曲艺在大厅表演，非常不错，地理位置绝佳，很安静的西安市郊，是住宿的首选
1,房间不错，性价比很好。但餐饮单调，没有地方特色。周边绿化不错，但离城里很远，出门逛街不便。总的说来，价格挺合理的
1,酒店设施有点陈旧，但地处市中心地带，交通方便，服务也很好，携程的预定价格很公道，可以作为一个出差的选择
1,很好的酒店，强烈推荐．只是服务员打扫房间有点太勤快了．我刚出门几分钟，也没要求打扫，她们就自己进去打扫了．不过，还是不会影响我对这家酒店的好印象。
1,给人印象深刻的一家酒店朋友推荐，带老人去厦门旅游入住该酒店豪华海景房的露台和服务生的微笑给人留下美好的回忆！唯一需要改进的地方是在适当的时候进行新的装修，有的设施陈旧了。
1,"早餐很赞,很有当地特色,房间内设施有点旧了,好在有无敌海景大阳台,好象新楼在建了,期待ING..."
1,房间不错，带阳台的房间可以看到大大的草坪和远处的大海。房间里面还有功夫茶具，非常温馨。早餐品种不错，还有闽南特色小吃。在厦门住过的最好的酒店了。
1,厦门首选无与伦比我已经住了４次，次次流恋忘返。
1,1、服务人员态度和意识很好；2、早餐品种花样多，口感好；3、下次到太原还住此酒店。
1,离西湖很近门童不错比较安静交通便利
1,地理位置好，主要是韩国人入住，早餐韩式的，房间比较干净，洗手间很小。
1,酒店设施不错，服务良好。有机会还会入住。
1,"推荐推荐~~!!比亮马河公寓好多了,价格也优惠."
1,酒店比较老，设施一般，但是服务相当好，价格也比较合理。值得推荐。
1,酒店咖啡厅的服务人员业务水平有待提高。有点酒单，但对客人点的酒，不知在哪，不知如何调配，给人感觉，整个酒店空有豪华装修，服务水平却未与之配套。
1,房间没有想象中的大设计实用性并非很好不错档次还算可以了服务也不错
1,大堂有点小，房间还不错，定的是商务套，客厅很大，还有小厨房可以根据需求使用，卧室很小。饭店出去，沿右手一条小区里的小路一直走到路边左拐，有个茶餐厅，还不错。
1,第二次入住，蛮好的酒店。总的来说。在国内算不错的公寓式酒店。
1,不错的酒店，大堂和餐厅的环境都不错。但由于给我的是一间走廊尽头的房间，所以房型看上去有点奇怪。客厅和卧室是连在一起的，面积偏小。服务还算到位，总的来说，性价比还是不错的。
1,"房间的整洁及服务都不错,人员的训练及接待都很亲切,入住的感觉也很不错"
1,很不错的感觉，不过只住了一天。很有品位。
1,莫泰就不用多说啦，性价比高，以后还会入住的。
1,酒店位置不错房间一般但是早餐还是不错的餐厅比较好对得起价格下回应该还会住
1,酒店没有CCTV的节目，很奇怪，又不是在国外
1,酒店位置比较适中，离咱们公司客户近，开会开得晚或一大早过去开会都很方便。
1,收不到中央电视台，跟前台反映了一下，说去看一下，第二晚住还是没有修好。
1,位置不错，购物方便，但是房间太小，同等价位在东莞这个地方没有竞争力，服务一般，前台都不懂得英文，酒店也不够大气。
1,服人度都很好，人感馨。也近，物用餐都方便。我是程房，也住多次，提了一，感受用的。1001房浴室有小毛病，盆排水不太，桶有法位，水，或是使用多次後的毛病。前台也有往香港的大巴票，但得自行搭的士到的地方去搭。
1,房间小，设施也不高档，服务可以，饮食不错
1,酒店的位置不错，而且在一片五星级酒店之中（中州皇冠、索菲特，还有中州快捷等），对面就是省政府、省公安厅，旁边旅游局办事处订机票、火车票都极其方便。说了这么多就是觉得酒店房间作为商务用来说稍微挤了一些。
1,和名字很符合，快捷就是快捷，设施非常简单如果不是holidayinn的话，这个价格就贵的离谱了早餐丰盛选择它的原因是旁边有个火车票代售点对于坐火车的人很方便
1,"酒店设施有些陈旧了,价格有些高,其他还可以"
1,第一次去郑州出差就住的这家，总体感觉还是不错的。房间的一次性用品相对给的是这些酒店中质量最好的。卫生意设计的很有意思，空间利用非常合理。坐便的私密性处理的很好。
1,总体来讲比较不错，当然作为快捷酒店，设施比起假日或者皇冠假日是有相当差距。但是房间给人很舒服的感觉。
1,"典型的快捷酒店的风格，房间不错，淋浴很舒服,早餐十分的丰盛,在郑州当地此酒店好象十分的出名"
1,海景房还是挺不错的，挺大的，也能看到海。服务就不知道了，只住了一晚上。下次有机会还住那里，多住几天。
1,第一次在宁海住酒店，印象最深的是服务好，无论在哪碰到服务生都会微笑地打招呼。住的是标房，房间挺大的，但床有点硬，不太舒服，早餐非常一般
1,大厅很有气派和情调，房间很宽敞，服务很好！电视好像与房间的装潢不协调，主要是太小了。总之是我所住的宾馆中比较好的一类。
1,酒店还是不错，不过携程的价格还不够好一点。
1,除了没有浴缸和保险柜其他都很好，干净，安静，服务，对面就是海鲜大排档我们6人吃了330
1,离开温泉酒店就入住了这间酒店，感觉就和一般的四星没什么两样，出入蛮方便的，最方便的是酒店对面有个海鲜大排挡，到那里吃海鲜很爽，各种海鲜都有，有很多都叫不出名字，不过都很好吃。
1,综合来讲还是不错的，房间达不到四星，但是很干净，大堂宽敞，值得一提的是，服务非常好，无论行李生还是前台、客房，都给人以热情周到的印象，地段有点偏，但因距离办事地点较近，所以每次去长沙鑫都仍是不二的选择。
1,不知道什么原因，这个酒店目前的价格做了下调，而且周末居然有促销价。不错！这次入住的是大床房，依旧是紧促的布局，舒服的床，总体来说，还是很不错的！
1,酒店太远。环境各方面一般。但房间很大。服务员的态度很好！
1,我感觉还行吧，至少洗衣服务挺快，硬件环境虽然一般，但是毕竟我是考虑离机场比较近，随便住一宿，第二天早上赶飞机，所以，其他一切也就无所谓了
1,"1.下午3点到酒点,3间房,2间还没有打扫好,气愤2.由于是多次入住,以前没有注意:加了双层窗户,与外界的隔音好多了,但隔壁一位老大爷的呼噜声让我直到3点才睡去,早上不到7点,又被他的洗漱声音吵醒了."
1,酒店房间比较大（行政楼层），但是没有早餐，也不包上网费，价格偏高，大堂的快餐很难吃。
1,酒店最近房价浮动太大了，从以前携程价格的RMB591到现在已经要RMB965了，太贵了！
1,豪华客房很不错，有客厅，房间卫生打扫不错，酒店人员算比较殷勤。但是提供的洗浴用品质量平平。自助餐算对得起这个等级（3星到4星）的水准。
1,入住的酒店设施有点老，电视机也不较小，跟500元的房价还是有点差距的，不过服务不错，当天还送了生日鲜花和水果。
1,携程服务的不错。因为要求安静的房间，携程一上午一直和我沟通最大限度满足我们的要求。酒店以前住过，卫生间太小，虽然订的是商务房，还是小。
1,称作4星，有点牵强，不过酒店下面的朝鲜料理还可以，还有歌舞，的确不错。想感受一下朝鲜风格，还是可以一试的。
1,是个悠闲度假的好选择，可惜度假村部分设施没有整理，无法使用，有点可惜！服务人员的态度不是很热情！不过整体来说，还是值得推荐，环境不错！
1,地理位置不错。但好像人气不太旺。不过下次也会考虑住这的。
1,不错，有免费宽带，很适合出差住的。离开发区很近，很方便。
1,价格比较低。房间很干净。感觉很不错。当然，整个东北在服务行业方面的意识，与沿海几个大地方还是有些差距。这个宾馆身处长春，能有这样，就不错了。这个宾馆绝对值。下次还会去的。
1,出差过去，这店离开发区近，离机场也近，离市区太远，订了套房，外面刮风，呼呼的想，有点害怕，饭店设施还行，但生意冷清，没有多少人气，早饭比较差，基本没什么可吃的东西！
1,硬软件都相当好，房间环境优雅，服务温馨体贴，早餐也很丰盛。只可惜门口的道路成了单行线，有点不便。但性价比绝对高，下次去沈阳，我仍会坚定不移地选择这家酒店入住！！
1,酒店应该是唐山最好的酒店。二楼的餐厅服务很到位，赞一个。
1,新华酒店地理位置比较好，内部设施不错，可供选择的餐厅较多，服务比较热情。
1,新华酒店设施齐全，地理位置比较好，在酒店的顶部有一个旋转餐厅，能够在享受美味的同时浏览整个唐山市貌。价格还算公道。
1,相对比较旧，早餐吃的东西一般，很郁闷的是牛奶居然是奶粉冲的！！！！
1,房间过小，至多三星级标准，价格偏高，跟南阳的生活水平相背，房间有异味
1,"在南阳来讲总体还行,毕竟可选择少少,总体性价比有些偏高些"
1,环境安静，离火车站近。房间布置不错，早餐以中餐为主，丰富。下次接着住
1,角房太冷了，tnnd。角房太冷了，tnnd。角房太冷了，tnnd。
1,环境非常优美，房间大而宽敞。徐州出租车多而便宜，虽然离市中心小有距离，但出入绝对没有问题，即使早上4点半也有。已经是第二次入住了。
1,原本对徐州好的酒店没有什么印象，按照携程的推荐，2次入住了该酒店，发现的确不错，环境优美，设施完善，服务周到，值得推荐。
1,非常喜欢这间宾馆！双人大床非常的舒服。房间配备了饮用纯净水，够得上五星级的标准，服务也非常的好。美中不足的是淋浴房的门好像做得有点问题，一洗澡水就流的满地都是，害我大半夜的擦了好久：（
1,早餐是中式，有些东西很奇怪。住店停车还收费，不应该。
1,去开展会，住住还行。距离会展中心不是很远，交通也比较方便
1,其他倒没什么，就是太吵了，隔音不好，希望能改进一下。
1,房间很不错晚餐自助餐不咋地，倒是1楼的日式料理味道不错，价格也差不多，2楼中餐厅的菜色很新很好吃早餐就不谈了
1,吃早餐的地方特别拥挤退房的时候N慢性价比低，还不如新装修过的国贸
1,"这家酒店不错,大堂很气派,服务很热情,下次还住这里"
1,酒店占地面积很大，号称花园式。住的迎宾楼，条件很一般，还算干净。一楼，没有宽带，据说三、四楼才有。因为提前订好，到达时一看，要求加的床已经提前加好，还不错。考虑到是在安庆，房价也还便宜，一切都不计较了。
1,酒店总体不错，应该是张家港最好的酒店。但有二个问题。1。浴缸是椭圆的，设计上有问题，洗完淋浴，地上水漫金山。2。不能上VPN，给工作带来极大不便，最后只能用拨号上网来上VPN。
1,"住的商务间很大,这样使得看电视很费力,不得已把一个沙发拖过来,床太硬.其他都还好."
1,"第三次入住,前两次是豪华房此次是标准间.豪华间超大,标间虽小也很舒适.前台服务,速度基本满意.早餐一般.最满意的是如团队同时入住,房卡后会自动列出每个成员的房号,非常方便.不足的是大厅经常有来餐厅吃饭"
1,"酒后设施还可以房间很大唯一就是窗外景色一般,去机场大概是人少的原因酒店安排了小车送而且司机开的很好,总体感觉还行."
1,"房间条件一般般,但位置还不错,离火车站不算远.服务还可以,早餐不错."
1,"位于市中心,交通方便,环境好.但房间小了点."
1,"交通比较方便,房间和服务都还好,入住时太累了,睡得很香"
1,比较满意的就是有去机场的大巴，比较方便。其他的也差不多。补充点评2008年7月10日：上网速度真的是暴快的。另外专门送了水果过来，服务不错。
1,早餐一般。2次去住都碰上有会议，看起来酒店生意很好啊。
1,这次去广西在金都住了2天，一次普通房，一次豪华房。规规矩矩4星级。服务很好，房间不错，离火车站步行10分钟。性价比很好。当然广西整体房价不高。推荐。
1,第二次入住。嗯，老实说，中规中矩吧，没有特别好，也没发现什么不好。补充点评2008年3月5日：对，电梯要查房卡才能使用，稍有点麻烦，不过酒店管理，可以理解
1,位置不错，逛街购物相当方便。房间不算太大，不过，开始住入一个房间没有做无烟处理，有气味。另一个房间，卫生间灯坏了，会闪烁。当然，都处理好了，服务很快，不过能事先发现和处理是不是更好呢？
1,"酒店的地理位置确实不错,购物方便，老外住的多"
1,酒店的地理位置确实不错，离南京东路和福州路都很近都只走几分钟路了，特别是上海书城就在不到一百米远，旁边还有浦发银行和民生银行，酒店服务不错，以后可能还会住了。就希望早餐好点！
1,为客人订的。他比较满意。看来是不错的。出入非常方便。
1,交通很方便，步行到八佰伴也就十分钟左右，房间也OK，酒店服务也很好，就是酒店里的蚊子很多。
1,在浦东地区的4星里面，性价比比较高，适合自费的商住人士。房间虽然较小，但床够大，睡眠较舒适。一般单人间性价比最高。
1,周边交通方便，但是附近有工地施工，房间很不错，就是浴室透明让人不习惯，总的来讲还是不错的
1,酒店还不错，就是提供的半日游和一日游太黑了！
1,"早餐不行,房间太小.前台结帐态度还不错,"
1,很同意交通方便的说，近几个月一直选这里。但是，携程的价格比直接找酒店定还贵。这令人很不满意。希望携程能重视对客户价格方面的承诺。
1,第二次入住，性价比很高，特别是服务非常好。房间设施也不错的。就是浴室的浴缸能更好点的就太好了，还有淋浴龙头是固定的，不太方便。
1,性价比还是比较高的，比同是四星的杭州武林广场那边的一些四星好一些。去杭州出差常常住的酒店
1,虽然离西湖不太近，但是交通也算方便，房间也不错。只是感觉床和枕头偏软，床较短。酒店的隔音不是很好，走廊里的声音及隔壁的电视声音稍大些就听得很清楚。
1,酒店房间不错，就是价格偏高，餐饮很方便。就是距离市中心太远
1,服务一般，环境还可以，位置相对偏僻一些，商务中心的刀子奇快无比。
1,这家酒店离天津西青区比较近，条件和服务也没有想象中的那么差，还是值得推荐的。
1,客房整洁，服务周到，卫浴稍小，餐饮略贵，整体不错！
1,设施有点陈旧，住的大床间感觉房屋面积过小，性价比不如宜宾银龙戎州大厦宾馆
1,1、环境相对较安静，房间设施和整体效果很一般；2、早餐可吃的选择性不好，感觉东西倒是丰富、但可吃的比较少；3、房门的隔音效果不好（好象是很多酒店的通病）。
1,"宜宾人都说华荣是最好的.....其他没去过,不知道真假.地方太偏僻了,在开发区,旁边小店饭馆都不见几个.好象住华荣的人很少的."
1,不错的酒店，服务态度很好，环境好，满意。前台小姐漂亮，不错。建议选房间的时候尽量选靠里面的房间，免得早上有点儿闹（临街）。停车场要收费10元，非常不好！
1,"武昌的住宿首选!一切都很完美,性价比高,要是协议单位就更好了补充点评2008年8月3日：地毯已经更换了"
1,"房间不错很干净,交通便利,旁边有大型超市,没有特别服务,价格偏高"
1,这家酒店外表并不怎么起眼，但内部不错，服务业比较到位，对于讲究实惠的客人是很好的选择（除非很要表面好看的人）。值得下次再去住！
1,房间地理位置不怎么好，比较背，藏起来一样的，后面就是居民楼，没有任何风景。不过房间很新，服务挺好，适合长期住，比较安静。不过打车池坊都不是很方便的。周围四不靠。
1,6/7日入住酒店，接待小姐很热情，快速入住和快速退房很满意，唯一不足之处就是洗手间过分狭小，非常不便。
1,几个月之后再次入住，一进门大厅里一位女工作人员就叫得出我的名字，很不一般。服务没得说，酒店位置也很好，位于威海市中心。
1,房间的设备比较齐全，价格也比较合理，附近交通也算方便。
1,就在机场对面，走到机场就5分钟吧，如果要赶飞机的话住那里还蛮方便的，里面的设施就一般了，3星的标准吧
1,环境不错，设施也很齐全，价格能优惠点就更好了
1,房间不错，还有个阳台，能看到大院的景色，不过阳台之间的间隔太近了，使人外出的时候觉得不太安全，但环境是一流的。本来网上是说有机场接送的，不过没有明确的指引怎么订，到步之后都只能自己打车去酒店。
1,如果下次到武夷山，我还是会选择这家酒店，很好！！！
1,酒店设施很好，服务也很周到，尤其是前台，和迎宾，很热情，谢谢他们！
1,交通挺方便的，离机场步行十分钟，离火车站车行十分钟。可能最近是淡季吧，有点冷清。
1,"酒店环境清幽,设施齐全，整洁，我们入住第一天客人很少，但店方还是为我们单独准备了丰富的早餐，特此致谢！友情提示：酒店在长城宾馆和井冈山宾馆之前的小路进去，我们刚到茨坪也找了一会儿：）"
1,08.4.28-30号住了两天，感觉该酒店物超所值。干净宽敞，安静，床很舒服。洗澡水很热很大。值得再住。早餐很一般，但针对这个价格还可以了。
1,环境幽雅，房间卫生，空气清新，服务好，安全！！饮食比较好，价位公道，比那些路边店好的多！！
1,"其实只是一般,但前一天住到对面的长百合家欢假日垃圾酒店.对比下,就如同天堂与地狱的分别"
1,"我们入住的是家庭房,外部靠山路,本担心会吵,入住后发现窗户隔音还不错,内部环境尚可,早餐一般.卫生间的淋浴出入量挺大,沐浴感受不错.如果连续两天均要去海边,建议住在连岛内."
1,"酒店有三种色调的房间,白色,米色和翠绿色,好象还有女士楼层看电梯里的介绍图片是粉红色的,挺有意思.宽带上网也比较快,交通方便,值得推荐."
1,"交通方便,市中心,房间比较有意思,不同楼层有不同的装修风格,我住了三次,次次房间都不一样,有米黄的有翠绿的有白色调的.房间上网速度还不错,下次来还住这里,应该说次次来都要住这里,谁让出差对象就在附近呢.推荐~"
1,"再一次入住该酒店,感觉还是不错的.房间干净、服务人员的态度也满好的。这家酒店的位置不错，出入非常的方便。下次还来住"
1,有道机场的专车接送，就是价格太高。其他的还可以
1,"除了离机场近,我实在想不到什么其他理由非得选择他."
1,对于我来说这家酒店就真是方便回家。因为不是本地人所以经常要赶飞机而这酒店就里机场5分钟实在是太方便了。
1,"房间感觉不错,就是入住是花费的时间较长,前台说是房间还没有收拾好.补充点评2008年8月14日：门童真的是很勤快!"
1,"酒店还可以,前台的小姐很热情.周边有很多的商店和餐馆.不好的地方是酒店的卡拉ok12店下班,不能早睡,房间和对面楼很近,要拉窗帘."
1,不错哦，但是携程的价格还是偏高的。和公司的协议价差距比较大，其实以携程的订房量就是酒店最大的协议客户了，价格应该最低才对，让利客户。中信酒店是不错的，环境，房间都可以。
1,在昆山属于比较好的酒店了，如果价格低于500元，性价比就更高了。总体还行。
1,前台入住手续办理顺利，非常感谢，虽然客人不会中文，英文尚欠，早饭丰富。
1,"酒店位置很不错,而且在市中心,对面是人民公园.而且有直通班车到罗浮山的绵州温泉酒店,如有时间,值得去温泉酒店泡泡."
1,我订的是大床间，给我的是标间，哈哈，有些郁闷
1,"酒店和房间的基本设施都还行,就是服务还需跟上"
1,我经常入住这家酒店。这是我认为在绵阳性价比最好的酒店
1,酒店地理位置好，周边环境不错。酒店内设施很好。房间比较宽敞，特别是商务大床间的性价比较高。房间干净，毛巾、浴巾比较新。餐厅饭菜品种较多。
1,环境非常好，服务非常好，交通不方便，价格有点贵
1,酒店离机场较近，对时间紧凑的客人来说是个不错的选择。大堂吧的咖啡和点心不错，服务很好，价格合适！
1,酒店的服务非常好，工作人员很热情很有效率。大厅超级大，房间装修有一点点旧，不过不影响本人对这家酒店的好感。酒店离机场10分钟车程，非常方便。门口是在建的高架，周围环境目前一般。
1,"房间挺大,条件也可以,就是通过携程无早餐,自订狂贵,而且价格也多变,一会收30,一会收48,各部门之间又缺乏联系,送的软饮,结帐时有要收费,软件服务要跟上,不过总体还可以."
1,该酒店性价比较高，还能免费上网打电话，虽然我们最后没有使用，但是还是值得向大家推荐。
1,"位置好,不错,挺干净舒服,价格也合适,去西安旅游推荐"
1,"遗漏了东西在酒店,多亏服务人员的告之,在这里表示感谢"
1,"地理位置有点偏,出行除打车外不是很方便,离地铁站也有点距离"
1,宾馆服务非常好，环境也很好，但在宾馆吃饭太贵了，地角很偏，交通很不方便。
1,地理位置越来越显示优越性了，靠近浦东的2个展会地点:东方明珠或者国际会展中心。所以商住客很多。大堂也堂皇，但是房间就显得很小，行政楼层也不例外，另外居然发现淋浴的水也不太大。还有就是楼下停车比较不方便。
1,住过服务最好的酒店之一（top3），服务热情到位，不是只认洋鬼子，酒店内有一家餐厅（但不属于酒店，不能签单），菜品很好还便宜。
1,"酒店环境幽雅，服务很好，价格合理,综合条件都不错。"
1,酒店房间设施比较现代，服务人员从前台到行政楼层餐厅服务生都非常训练有素。虽然酒店位置是在住宅区，相对较远，但是环境安静。同时，附近有大拇指广场，吃饭休闲都不是问题
1,"房间每天都有免费水果赠送,这一点比较好.还有好多书籍和摄影著作摆在房间里,据说都是合庆董事长自己编写拍摄的,太有才了."
1,酒店的地理位置实在不错，所以从大堂开始就令人惊艳。城景房不但在房间可以看到上海的美景，就连于是也可以边泡澡边看风景。
1,在杭州住过几家四星五星的酒店，维景还算不错。服务态度不冷也不热，能过得去。客房装修也能接受。
1,"从入住到离开,都很满意,下次来杭州一定还会入住的.宾馆反馈2008年6月24日：感谢您对酒店的评价，这对我们而言是最受鼓舞的客人反馈。期待您的再次光临！"
1,"合庆的商务单间可以堪称豪华,设施特别先进，特别是少有的先进马桶,很少酒店有这样的装备.价格也可以接受"
1,因为春秋航空晚点6个小时，到酒店的时候已经快凌晨2点了。期间打了两个电话给酒店，请求延迟入住时间，前台小姐比较热心的告诉了我机场到酒店需要的出租车费，避免给人很宰一刀。房间硬件不错，服务也很好。
1,服务算是热情周到，早餐尚可，卫生间够大的
1,"威海合庆饭店的服务特别周到,特别人性化的服务.走南闯北住过很多酒店,但是从来没有1家象威海合庆饭店这样体贴周到的服务."
1,看了之前的评论才选定的烟台中心大酒店。感觉服务很贴心，管理到位。补充点评2008年7月17日：我给的分好像低了，4.5才公平。
1,虽然酒店比较陈旧，但整体服务很好，遇事处理反应很快，交通也便利，下次来还会选择入住这里。
1,因为看到各位携程网友的留言评价很高，就顶了。入住之后，果然名不虚传，服务非常好，酒店的设施也还不错，酒店的地理位置在市中心，去哪里都很方便。餐饮做的也很好。下次一定会选择。
1,很好的酒店，紧靠海边，除了入住当晚网络不好，其他都很满意，对了也还有一点出来打车不容易，不过走出路口这段路风景也不错，呵呵。
1,是所住过的酒店里感觉最温馨的，的的确确是一种宾至如归的感觉，谢谢啦！
1,非常满意的一家宾馆，入住了五天让我感受不一样的服务。生日有礼，更要感谢中餐部的郑春妹女士，在得知本人身体不佳的情况下，特别送餐到客房很感动，下次到厦门一定还住在这里。谢谢了，谢谢你们的服务！
1,一半的时间在酒店度过的工作性质，比较挑剔的性格：服务好！
1,酒店真的不错，就是早餐都是韩式的有点怪。
1,环境安静，空气好，交通也还算方便，但是房间旧了点，早上自助餐一般
1,"酒店脚摩很有特色,住客还可以打8折,房间装修尚可,位置稍偏"
1,"窗外海风拂面,景色不错,房间有点小;不过博鳌没什么人气儿啊"
1,此酒店在问题处理上不够积极。还好我是在携程订的。携程的服务确实有大公司的风范。后期的服务跟进很到位。对于酒店，我就不多说了。诚信永远是发展之道
1,"每次去济南我都会住在山东大厦.酒店设施周到完善,服务员服务到位,很多细节上凸显了酒店的人性化考虑,总之,非常满意!"
1,酒店很气派，周围环境很好，适合散步，交通也很方便
1,环境真好，面向大海，幽静，适合休闲度假，可惜只住了一晚。地点较偏，自驾比较方便。酒店用餐太贵，开车出去吃了。
1,其他都很不错，就是叫出租不是太方便~
1,"1.酒店环境及大堂设计很气派2.服务态度还需改进,不能只是表面上应付客人。答应给我换大床房，只是敷衍了事，并没有给任何反馈意见。（前台入住接待人员）3.房间门稍旧，装修有点简单，但其他硬件设施很好。"
1,慕名而来，酒店建筑，房间内部装修非常棒，服务生就是不太热情，前台还是挺棒的。
1,大年三十入住的酒店，服务好，房间大，早餐也不错。晚上可以看到180度的烟花，很漂亮。再来济南还会选这里。
1,比较老的酒店，服务比较好，早餐品种不多。但是去海边很方便。
1,游泳池和健身房还不错！工作人员的态度也挺好。
1,"房间比较新,面积还算可以的,也很安静.关于前台服务:现在通过CTRIP预订是免上网费和正常服务洗衣费,但打单子出来就要客人付款,被质疑之后推脱为工作失误,该事已经有人在这里点评过,又被我碰到,因此可以怀疑其诚信."
1,拖鞋不错哦，很舒服，颜色也不错，大床很舒服，软硬适中，房间温度也好，在大东区地点稍偏，不过不远处有大小什街，都是吃的，特别一家狗肉馆，不错不错！在五星里面，价格算较低的了，下次还想住那里
1,开始通过携程预定的是普通标准大床房，地毯脏，床太小，较差！后来加１００元生到行政间，还可以！比较干净．酒店服务总体还可以．值得一住．
1,酒店还可以，就是冬天没有暖风，冻的不行。
1,"本人入住的是会所房,适逢一个会议但酒店丝毫没有忙乱的情况,接待能力绝对过硬,是一间真正的度假酒店,印象极好,肯定会多次前往.由于本人一直在石梅湾潜水,以后基本不会考虑三亚了."
1,位于徐家汇中心地段，房价经济实惠，环境也很好呢！
1,位于徐家汇中心地段，房价经济实惠，环境也很好呢
1,"春节期间酒店比平时折扣更多！非常不错！已经第三次入住了！补充点评2008年3月3日：我是春节期间入住，目前的价格又回复到285了，春节期间是258,含早哦"
1,这个地段这个价位这个服务的酒店，算是很难得了。
1,"不错,交通方便,楼下就是美食城.豪华房有液晶电脑.或许标准房也有吧.卫生间稍小了点,是淋浴房."
1,房间干净舒适，是出差、旅游度假的理想之选。服务业很不错。
1,"很宽敞,非常好的地方。如果可能的话，希望能把洗脸处的存水盖子修理好。应该是件简单的事。"
1,交通非常方便，房间也不错，很适合一家出游
1,"性价比很好,设施很方便,适合家庭(3人以上)入住宾馆反馈2008年8月5日：非常感谢您的评价。欢迎您和家人一起光临！"
1,酒店地段较好，我选择的行政大床房，感觉房间设计挺好的，比较有温馨感，总体入住的感觉不错，性价比总体上还是较好的。下次应该还会入住
1,周末出游订了这里的行政房，卧室和客厅有隔墙分开很雅致，室内的装潢以玫瑰红和黑色为主，感觉像是蜜月房，另有台式电脑。唯一不理想的是卫生间和卧室仅用玻璃分开，私密性不足。总体感觉很好，很喜欢里面的大浴缸。
1,我们定的是豪华大床房，房间很漂亮也很干净，就是卫生间一洗澡就水漫金山。第一天去在修管道没热水，空调还米力气。不过第二天都好了，算偶倒霉。不过这个酒店离西湖不远，周围超级热闹，服饰街就在附近。
1,青山环抱，环境幽雅。服务态度较好，饭菜不贵，味道也不错，水库里的鱼好极了。可以钓鱼，渔友可以带上家伙，多住两天。我这次时间太短，遗憾啊。房间异味较重。
1,"酒店的环境不错,正对水库,风景很好.但位置比较偏,晚上开车进出很不方便.酒店设施与其它山区酒店一样,比较潮湿,房间也很小,但总算还干净.各项设备也不齐全.工作人员服务还是不错的,比冷冰冰的五星酒店亲切."
1,地理位置很好，在房间的窗户看杭州夜景很美。交通非常方便，四通八达。服务态度也还可以。就是房间里的装修有些旧，尤其是电视机卫生间洗澡的水龙头很旧真怕弄坏了。房间里的东西买的也很贵。
1,这个酒店给我的感觉非常好，服务可以和5星级酒店媲美了！满意！宾馆反馈2008年8月1日：感谢您对酒店的支持，宾客至上是我们的服务理念，我们会继续努力的，期待您的再次光临。
1,位置优越，出行方便。就是房间较小，床位较小，房间装修较旧，其他方面都不错。
1,整体感觉还不错，房间比较干净，服务也比较好，美中不足的是早餐品种较少，这也是山东酒店的通病，只有济南、青岛几家酒店早餐可以，其他普遍都一般。另外酒店略显陈旧。
1,酒店就在市中心，很醒目，而且比较干净，比一些大城市里面的四星级酒店要好一些，价格也比较诱人。
1,还好。相比而言感觉比美丽华强。早餐不错，德州扒鸡已经吃腻了。
1,在当地绝对算不错的了，处在市中心，地理条件绝佳！交通非常便利！餐厅的德州扒鸡不错@
1,我住的是4星的，不错！餐厅下班有点早，到9点就打烊！边上有个洗浴中心，不错！
1,上一次在德州住的是富丽华，实在是不咋样，只能用一个字来形容：土。但这次住在贵都的感觉非常好，价格不贵，房间也比较舒适、干净。对早餐非常满意。
1,入住398元的高级房，性价比较差。房顶墙皮象鱼鳞般翘起，现在想起来都觉得麻人。卫生间设施比较陈旧。补充点评2008年4月15日：怎么系统给打了4分，我觉得至多值个3分。
1,总的来说，酒店还不错。比较安静，地理位置比较好，服务也不错，包括入住和结账。不太好的地方，7点早餐才开始，时间有点晚，第一天急着办事情。第二天8点去吃的时候，剩下的都凉了，没有添新的，有点没吃饱。
1,"房间比较一般,可能是去的晚了.盘锦的酒店普遍一般.周围环境还凑合,关键是离长途汽车站比较近,还是比较方便的,其他没有什么突出的地方."
1,"入住A栋,房间很大,面海的房间还有大阳台.房间内设施全新,服务周到贴心.早餐品种丰富,味道很好.酒店离海外很近,对面过了马路穿过一个小公园就到了."
1,虽然说是四星的，实际上比某些号称五星的强很多，占地面积非常大，分三个大区，酒店整体上也算豪华，设施什么的都很好，靠海边就是舒服，视野好，价格上没什么优势，不便宜也不算太贵，餐厅的自助餐还不错，算便宜的。
1,也是朋友推荐来的这家酒店。本来说是要订3间房，后来看到有家庭式公寓房就订了一个普通的家庭房。来到酒店checkin的时候，告知要加床，前台建议住豪华家庭套房，两室一厅两卫，三张床，750元。于是就订了。
1,酒店位置不错！服务可以！只是楼下是酒家，油烟味太重！晚上夜宵人声稍大!
1,"房间很大,设施不错,交通方便,环境很好,很安静.另外服务和早餐也不错."
1,酒店在西街还算是不错了，景观地理位置都比较好，房间较陈旧但干净舒适。下次可以考虑再次入住。
1,酒店风景蛮好的，服务也不错，去泸州的话是不错的选择
1,环境不错，房间设施挺好，很有档次，下次还会考虑入住
1,在泸州算比较好的酒店，临江风景不错。晚上有桑拿部的服务电话，表面上是为住店客人提供优惠按摩服务，20元/人，钟，实际上在“钓鱼”。
1,"房间小,服务不错,交通方便.应该说是自由行挺好的选择"
1,房间整洁，交通便利，服务态度好，该酒店的豪华房配备的按摩椅相当有特色，也很实用。
1,处于厦门市区，离机场打的在约１６分钟，离ＳＭ商业中心也较近，有公交车到轮渡，去鼓浪屿很方便，位置是比较优越的．不足是房价与空间相比比较贵．
1,整体感觉还可以吧，价格方面在厦门还算可以，叫了餐服，服务态度还不错，房间感觉不是太好，用的洁具都很一般
1,还好住的地方居然窗口是对着居民区的设施一般般床不错
1,总台的服务生挺热情的，感觉很亲切。这家酒店最大的特点是房间宽敞，床很软，睡得舒服，免费宽带上网对我很实用。离机场的距离不远，到我办事的公司也近，下次还会选择入住。
1,喜欢~下次还去~
1,房间有红、黄、蓝三种色调。入住时，前台还主动询问选择哪种颜色的房间.床上用品很舒适.感觉是全棉的。房间虽小，但装修风格独特，值得一住。
1,环境还是很好的，附近是老城区了，但觉得
1,我是07年8月入住的这家酒店，环境和服务都不错，只是没有携程说的礼品果盘，虽然没什么大不了的，但是如果没有这项礼品还是不写的好。
1,酒店服务很好，环境幽雅，很地道，比当地同级的康年
1,"酒店还可以,地毯应该要换换了,电视台太少了，有两个频道老放无聊节目:)总的来说还可以住住.旅游的话可能档次差点,象我这样出差的,应该还不错了"
1,虽然房价贵了点，但是感觉是太原最好的宾馆了。整体感觉很好，就是周围没有什么好的餐馆。
1,山西去过没几次，但是感觉上最好的就是这个酒店。前台比较满意，浴室很干净。
1,4月12日住了一天，感觉还可以。是先前住在政协宾馆的，设施太差了，卫生条件也不好，才换到国贸来的。但是价格也有差距啊，政协420国贸820
1,真没想到，山西国贸的软硬件都这么好。服务亲切，周到。只是住的时间短了点，没有在酒店用餐，所以不能对餐饮情况作出评价。遗憾的是，通过携程订的房间明显小了点。已经好几次了。
1,地理环境不错，但对面一直在盖楼，门前街道上打车不方便。
1,很好．非常干净．是新装修的．服务不错．早餐也很好．对了，被子很厚但非常松软．哈哈满意
1,房间还不错，够大也够舒适（住的是豪华间），服务需要进一步改进，离店居然没人给叫出租车，就没见者门童
1,房间太小，服务不错。在王府井能这样就不错了
1,酒店地理位置很好，就在王府井，交通方便。但由于历史旧了点，所以有点旧。看个人需要了。
1,不错，比武汉的好多了。由于只住了一晚，没有过多的感受。只是服务员态度稍微欠佳。
1,"设施太旧了,服务也不行,打电话要个插座都推来推去,给四星太勉强了."
1,"位置太偏了,不过有机场接机.总的来说还满好的.可以推荐的酒店之一.补充点评2007年11月6日：离连云港市区有点远,去市区办事的朋友得谨慎点吧.其他无特殊,可以推荐吧"
1,服务态度很好，当晚中央空调没有开，挺凉的，还好订的标准间，盖了两个被子；早餐可吃的不是太多，价格太贵。
1,房子还凑合，但是硬件不行，不象4星酒店，服务还可以
1,"各方面都还行.只是可能因价格便宜,客人素质较差.常有在走廊上大呼小叫."
1,"惊喜,没想到不到100美金可以有这么好的酒店,地理位置\房间\服务\早餐都很好很好!"
1,很好的饭店啊，临近火车东站，走过去50米，去香港太方便了，饭店本身不错，日本料理做的味道很好，但不便宜哦。
1,地理位置不错，酒店内装修风格和设施一般，早餐不错，服务好。
1,非常不错的酒店交通方便只是服务有待改进
1,这家酒店是我帮巴西客人订的，据客人说还不错，而且到机场也很方便。
1,为客户订的，反馈还不错。下次客人来，还订此酒店。
1,还不错，在市中心了，价格实惠，还有免费的接机，服务也很好，不过因为酒店可能时间长了，设施不是很新，但是还可以。
1,"早餐不错,挺丰富的.还提供免费接机服务,性价比高,交通很方便!"
1,由于是帮亲戚预定的酒店。后面得到的反馈是没有在上海的同等酒店好~~~厦门特区的有些酒店是加收政府调节金的。金威也在其内。
1,在厦门岛内实地考察了很多家4星级标准酒店，认为这是性价比比较好的一家，位置还好，虽然设置不太新，但和其他几家挂牌4星且价格很贵的酒店相比也差不多。
1,名气不错，隔音不错，大厅很气派。床不太舒服，太软了。不喜欢。服务态度也很不错，就是入住那天棉签是人家用过的，牙刷一用就断了，第二天，忘记给拖鞋了。
1,服务很热情，价格相对其它喜来登较便宜，下次仍会选择。
1,宾馆虽然比较老，房间感觉还可以，服务很好，早餐品种少了点。打车起步价到海边。走路15分钟到好又多超市。在开发区里面出差住在这里很方便。
1,房间整洁规范，看得出在管理上下了一番功夫。自助餐不错，喜欢吃里面烫熟的青菜，很嫩。不过价格也是五星级的价格。
1,"管理有点混乱.明明房价已经包含两份早餐,可是西餐厅说""你的房间不包含早餐"";说了半天,总台还是打了一份""早餐147元""的单让我签字."
1,"挺好的住的是公寓房,环境不错哦我很喜欢!下次来还打算住那里"
1,"房间不错,大堂不怎么样,服务水平一般,早餐还过得去"
1,大堂竟然没有电源插孔可以充电，服务还算可以，但是服务的意识还是有点欠缺。。。
1,逛街很方便，没有免费停车有点不方便，，，
1,"房间是新的,但质量不太好,窗帘都快掉下来了!房间有厨具可是没机会用!从一楼服务台倒房间要走10分钟且要倒电梯!有些夸张!交通方便,楼下是百货公司."
1,赚了。我去的路上的士司机就讲这个酒店好。我去的时候房间已满，给我免费升级。并且每天房间都是满房，我就一直占了一周的免费升级便宜。迎宾们也要赞一下的。因为我住的房间是免费升过级的，只能说值，不敢乱说超值。
1,"周围环境不错,就是房间太旧了.还有兑换外币也不很方便."
1,酒店环境还可以，特别是一对白虎很吸引人，但房间一般，价格偏高，达不到五星的标准，而且吃饭特贵，周边没有任何配套设施，有点“宰人”的嫌疑。
1,酒店的服务人员服务周到，细致，给人一种宾至如归的感觉。
1,房间很好，环境也不错，只是个别房间太靠游乐场，早上想睡懒觉会被游乐场的机动游戏声吵醒。
1,环境非常不错，唯一的缺点就是电视不是液晶的卫生间要赞扬一下，超五星级的标准
1,我定的是豪华客房，看了之前的点评，实际去到还是比想象中的好，房间较大和干净，装修也比较有特色．
1,酒店的地点很好，到食品街，鼓楼，文化街很方便。
1,酒店门脸有点小，你们倒是很大，房间还不错！就是房间的门已经有些下沉了，关门一定要用点力量，早餐差了点，反正不够4星早餐的水平，400多一天有点贵，要是能降到400以下比较合适！
1,房间里的设施有些老旧了，毛巾、浴巾、浴袍也都很旧。房间隔音很不好，本来以为在半上腰会很安静，结果却被下面卡拉OK还是夜总会的歌声吵得睡不着觉。唯一的优点是山上空气好。白天倒是很安静。
1,房间很好，我的客人很满意。电视、地毯、大床等等我的客人见了都感觉很好
1,酒店相当不错，离要去的白云山英语培训基地非常近。值得推荐
1,酒店服务较好。入住后还给免费升了级，留下很好的印象。有机会还会去住，但价格应该再降下来一些。交通不是很方便。
1,房间的布置还有酒店的环境确实让人感觉物超所值！但是酒店的服务就感觉太没有星级的标准的！感觉什么都是冷冷的！早餐还不错！但是中餐就不怎么样了！不过分量还是可以的！
1,非常好的一家酒店!房间特别棒!很喜欢!老美都说是NICEHOTEL.下次来就这家了!宾馆反馈2008年4月14日：您的满意是我们最大的追求，期待着您的再来光临！
1,酒店周边环境不错，对面有大润发购物比较方便，房间还可以，服务也可以，总体性价比还算不错。
1,非常不错的酒店，环境很不错，就是房间稍微笑了些，但很干净。交通也比较方便宾馆反馈2008年4月14日：欢迎再次光临.
1,应该算是目前当地最好的酒店了。但不可期望值过高。宾馆反馈2008年4月14日：满足您的需要是酒店不断努力的目标。
1,"住的行政大床房,虽然在义乌这个房价有点高,但我觉得值得推荐,服务都不错的"
1,房间设施很好。服务质量一般。去餐厅就餐，酒吧消遣，最好带一个扩音喇叭。不然很可能，连呼数声都没人搭理你。宾馆反馈2008年4月14日：谢谢您对酒店产品的认可，酒店将加强培训，提高员工的服务技能。
1,房间很干净，设施很新，应该是义乌最好的酒店。宾馆反馈2008年4月14日：给您创造一个洁净的居住环境是我们的职责，愿酒店中的每一次都给您留下美好的记忆，谢谢您！
1,酒店条件不错，如果一家人入住的话还是可以推荐的。交通还可以，吃饭不怎么方便，周围没什么小吃。不知奥运会的原因，反酒店前台服务热情，房间也比较干净，宽敞，舒适。下次一家人去北京，还是选择此酒店。
1,锦江富园酒店的网速实在是太慢了！比拨号还慢。电视很差，屏幕闪的厉害。HBO频道很不清楚，CRT的，现在改换液晶的了
1,各项设施都符合四星级酒店的标准。只是不明白，为什么一张大床比较稀罕，非比两张床的房间贵不可。好像亦庄那种到处是荒地的酒店，连放几张床的库房都没有。
1,周围的环境很好.在房间可以看到大海.普通间很一般.建议住豪华间.价格差不了多少.豪华间非常大.放三张大床也有够大的空间.非常不错.还可以看到大海
1,应该是亦庄经济技术开发区最好的酒店了，交通便利，环境安静。只是房间比较小，前台服务态度一般。
1,前台服务不错，主动向客人介绍酒店设施，checkin&out速度也比较快，不足之处，淋浴出水量比较小。
1,一直都住它，竟然碰上了超值特惠！原先600的房间只要400了，真是太值了！
1,虽说是4星，但服务绝对是5星的。从进入酒店就有人问候，入住和退房的速度都很快。房间的布置和设施也很让人满意，一进去就有舒适的感觉。住了很多次，每次选酒店都会选它。对于在开发区办事的人，绝对是首选。
1,酒店的地理位置很好，与普宁寺只一墙之隔，环境也不错，很安静。房间比较干净，服务员态度也很好。
1,环境非常幽静，我们去的时候正好是傍晚，夕阳照在房间前门的小院子里，光影关系特别漂亮，我和老公在院子里喝茶，很舒服。不过房间里的潮气很重，开窗放了很久，还是有味道，温度也比较低，开了一晚上的空调还是不觉得暖和。可能是因为房间比较大，密封不好的原因。
1,不错，在普宁寺旁边，有特色。服务员态度特别好，很亲切，都穿藏服。
1,房间设施装修都不错，服务到位，餐厅早餐还够的上标准，但发现餐具清洗的有些问题。我们一家三口连续住了三天，每天都发现餐盘和咖啡杯上有污迹，算是美中不足的一点缺憾吧。
1,房间干净整洁，隔音还不错。感觉最好的是里面居然有几本不错的书可供阅读，很温馨。
1,感觉比较温馨，价格也比较适合于一般商务。
1,"我住过不少上海和北京的如家酒店,但上海浦东的张江和美酒店是我住过的如家酒店中我见过的最好的一家,房间宽大、干净，楼下餐厅的饭菜也不错，尤其是10元钱的早餐，决不比四星级酒店差，因在开发区，交通不太方便，周边也没有什么服务设施，所以这里适合来开发区出差的人住，比较安静。"
1,价格不错，离地铁和火车站都很近，环境还好，就是房间偏小
1,1、酒店环境很好，张江园区环境非常好2、豪华大床房很大，而且有阳台，可以看见下面的湖，房间也很明亮3、酒店突出了商务氛围4、前台、楼层服务员、餐厅服务员热情、友好、主动5、房间地毯比较脏6
0,服务态度极其差，前台接待好象没有受过培训，连基本的礼貌都不懂，竟然同时接待几个客人；大堂副理更差，跟客人辩解个没完，要总经理的电话投诉竟然都不敢给。要是没有作什么亏心事情，跟本不用这么怕。
0,前台checkin花了20分钟，checkout25分钟，这是服务态度和没有做到位。信用卡刷了好几次，不愿意用手工打电话授权。典型国营企业的极差的服务态度。
0,"有或者很少房!梯部不吸,但是有一些吸者仍然有服!我是不抽的人,成二手的受害者!(中13人口中,民只有3.2.不到1/4!!!)看到的民,自好?."
0,酒店服务态度极差，设施很差，建议还是不要到那儿去。
0,我3.6预定好的180的标间，当我到的时候竟然说有会议房间满了，我订的房间没有了，太不讲信誉了。唉！下次再也不会住了。
0,"房间的环境非常差,而且房间还不隔音，住的不舒服。"
0,"设施还将就,但服务是相当的不到位,休息了一个晚上我白天出去,中午回来的时候居然房间都没有整理,尽管我挂了要求整理房间的牌子."
0,"房间的格局在风水中属败相,卫生间马桶堵塞,无奈的一晚!!!"
0,"出差入住的酒店,订了个三人间.房间没空调,冷得要死,而且被子很潮.火车站旁,步行可到.据说当地的第一名金钥匙是这家"
0,不太好，晚上被卡拉OK的声音干扰到很晚。楼下的饭店也搞出很多污染。
0,"国庆期间住过本酒店，我的评价就是""差,实在实际太差"".第一:毛巾不仅仅是旧,而是破,有一个个洞洞.第二洗浴水龙头出水小，小得可怜。第三房间噪音很大，三楼的KTV一直吵到晚上12点。第四：早餐几乎没有东西可吃。第五结帐查房动作实在太慢，我们一共等了半小时多。还有很多很多的差。可以说比不上我们宁波的二星级酒店。补充点评2007年10月8日：这样的酒店携程订，标准间居然还要420元一间。自己直接订，要580元一间。超不值！！"
0,可以说是比较差的一个酒店，酒店走道昏暗，走道和房间内都有一股浓浓的霉味，床单看上去摸上去也是不很干净的，卫生间味道更难闻，里面的设施也是发霉的。最恼人的是晚上楼下的KTV的音乐声，难以入睡。
0,"一个晚上,要是能打死12个山蚊子,有生以来第一次.而且宾馆提供的电蚊香是不能使用的.后果是:房间由于客户打蚊子墙壁上血迹斑斑,非常恐怖."
0,能不住就尽量别住吧，差就一个字，反正住了一天我就换地方了
0,酒店太旧了，大堂感觉象三星级的，房间也就是的好点的三星级的条件，在青岛这样的酒店是绝对算不上四星标准，早餐走了两圈也没有找到可以吃的，太差了
0,酒店位置不是很理想，去金元购物中心还是蛮近的，大约10分钟车程，我入住的是448的房间，正赶上卫生部开会，人很多，另外，2个房间之间有一扇门，隔音效果特别不好，半夜时被隔壁的亲热声吵醒，晕
0,网上评价不错，但是实际情况并不尽如人意，与2-3星的水平差不多~~总的来说，性价比不高！
0,总台服务还可以，房间实在不怎么样，空调很吵，床居然是一边高一边低的，这个房价实在是不值得，下次不会选择。
0,某些酒店人员对待顾客不诚恳。说给你换房间，骗你说是价钱贵的房间。其实是把你的房间档次调低了。没有房间就实话实说，别骗人啊，什么态度。有些房间的隐私性也不好
0,我感觉不行。。。性价比很差。不知道是银川都这样还是怎么的！
0,房间隔音效果极差，深夜如果隔壁客人大声喧哗的话……服务员会去提醒，但仅限于你投诉后
0,"太差,脏.差,我住过的最不好的酒店,以后决不住了"
0,酒店设施老化严重。作为一家五星级酒店，居然没有无烟楼层（这是前台登记的时候酒店服务员说的）
0,"整个房间也太小了点,所有的加一起大概才十平米左右!床单是脏的."
0,晚餐吃出长头发，服务员竟不以为然！洗完澡时，发现浴巾上竟也有长头发！如家在我心目中一直是快捷酒店的楷模，但这次入住北京团结湖店，令人大跌眼镜。
0,预订的房间checkin时是4楼，电话坏了几天还安排我住，到了晚上十一点发现了，前台回复说明天再给我换。我只住一晚啊，老大。在我坚持下，换了个一楼的房间，外面是停车场，一晚上完全睡不着。
0,"这个如家实在是太小了,房间很小很小,就不舒服了"
0,感觉一般，就是各方面都一般，在三门峡这种地方住住还是可以的
0,"黑店,黑店,绝对黑店.黑店,黑店,绝对黑店.黑店,黑店,绝对黑店."
0,"携程服务人员电话中向我推荐了此家酒店，向我说明这是四星酒店，客户评价都很好。住进去之后，很疑惑这样的酒店会有很好评价？上了携程网之后，才发现，这个酒店的用户评价只有2.2分！这就是携程电话中吹嘘的很好？？！！！这是我住过的世界上最差的酒店！先看房间：上了电梯，走廊内一片黑暗！居然没有开灯！估计长期没有住客了。一开门，异味冲鼻！看墙壁，墙上的壁纸已经有些脱落。看地毯，脏且不平，很明显酒店没有吸尘器或没有使用吸尘器。看马桶，居然有黄色的大片水锈。看窗户，开床的把手上两个螺丝居然掉了一个！再看电视，是我们大家在上世纪末就已经淘汰的那种，显像管已经老化，一播放白色为主的画面时电视就什么也看不见了，只能看见白色横条，伴随很大的电视杂音！环境：有这样的房间，还能有什么样的环境？服务：连服务员都还没招全！多数服务员反应迟缓，电话沟通中没有习惯性礼貌，电话中事情说完了居然没有一句再见就直接挂机了，挂的你晕头转向，根本不知道她有没有同意你的要求。见到客人如见陌生人，门口门童根本没有。总结：如果不是同事嫌麻烦，我肯定换其他酒店。忠告所有出差的兄弟，宁可住如家一类的酒店，也千万不要住这里,只会比你想象的更差，不会比你想象的好！对于携程的推荐我感到很痛心！估计是这家酒店给的回扣多吧，这样的携程推荐，只会导致我以后不相信携程！并告诉我的同事，不要相信携程！我想说：欺骗的利益无法长久，无异与饮甄止渴！"
0,酒店有异味，无空调，给人的整体感觉很破旧，根本不能称为四星
0,地段马马乎乎。但这个楼本来就像写字楼一样，大部分都是人家办公的地方，少部分楼层是客房。房间不大，设施也有点旧的样子，早餐更是残不目睹。我真的觉得他能评上3星是奇迹
0,"原来去重庆出差一直住这个酒店,早餐虽然差点也就算了,但是最近一次,他们的行为让我实在不敢恭维.明明我没有消费的东西,硬说是我消费的,让我很不爽,以后不住了."
0,大堂太让人失望了.房间也很小.性价比超低.下次不会再住了.
0,"1,房间小2，房间通风不好，气味有点大3，家具，床单陈旧4，网络有时不通一个字烂建议远离"
0,酒店周边比较繁华，对面有必胜客。服务热情还可以，设施就不是一般的差，第一个房间网口坏了不能上网，换个房间，水蓬头不出水，郁闷，各位还是不要去了。
0,这是我在携程定过的酒店中最差的，价钱又贵，以后不会再住了。
0,相当的不好！他的城景房就是靠街的！山景房就是靠远的！没啥区别！服务态度好差！本来定的山景房未经同意换成城景房还不带电脑！
0,这是我住过的最差的酒店，房间气味难闻，刚打了灭蚊药水，换了三个房间还是如此，服务员说：“住久了就习惯了，每个宾馆都有自己的味道。”考！我又不是来体验生活的。周围环境复杂，脏乱差。
0,非常不行，三星的携程定290元，说景观房，其实什么都看不到，连大马路都不繁华。火车站附近佳丽4星，协议价298。只能说这变价高了，而且很老破破的样子，一点花园的感觉都没！其余一般。
0,酒店在路边，但是很多司机都不认识，可能是靠近云龙湖比较偏吧。酒点的单人间实在太小了，床的一边竟然靠在墙边，把窗帘都压住了，电视都要斜着才能看，11月份了中央空调还没有暖风！！！冷啊。
0,总台冷冰冰，酒店冷清清。性价比不高，价格偏贵，不如住嘉利。
0,房间有异味，入住时室外低于10度，但房间的中央调只有冷风！！！！室内设施陈旧！户外声音较嘈杂！只能在大堂看到服务员！总体非常不好！应该只能算是准二星！
0,除了环境比较好，在云龙公园对面，酒店设施太旧了，价格高，性价比低，在这个天气，房间里竟然有好多蚊子，半夜被蚊子打扰几次
0,住的房间靠近马路，比较吵。房间有股味道。不如锦江干净。不推荐入住，早饭还可以。
0,酒店服务非常差，设备一般，加床是硬板床且收费很高，服务员态度很差，就像没有经过培训，业务也不熟练，根本不像三星级的酒店。
0,感不太像酒店，像旅。。。毛巾什麽的都比
0,唉！这个酒店真是让我失望！！！上次住就感觉不好，这次去发现床上竟然有JB毛儿！不说什么了，希望携程努力控制酒店的档次！
0,如果不是因为他是4星不会入住，但入住后才知道上当了，房间很旧，只有高级房才能提供上网，早餐品种很少，服务员服务质量很差。
0,本人5月3日入住。设施太陈旧，一股霉味，住店还收停车费，强烈不推荐。另外，协程给出的地址有误，是浔阳路，不是浔阳东路。
0,简直受不了啊，居然有蟑螂，一共消灭了3只，作为1家4星的酒店居然这样很失望，而且上网速度简直太慢了
0,缺点：1，小酒店，估计只租了几层做酒店用。2，房间很吵，靠马路那边的。3，服务不怎么样。
0,"我住在6楼,3楼KTV的声音很吵!打电话到大堂投诉居然把电话挂掉就算了......以后肯定不会再入住这酒店"
0,不像个三星级酒店，到达楼层后，一眼望过去尽是脏兮兮的而且开裂的墙纸，房间的设备很陈旧，卫生条件太差，毛巾、马桶颜色都已泛黄，淋浴水太小，就像进了招待所......
0,实在一般，这样的酒店还要这个价钱，令人费解！
0,入住的时候刚装修，味道很浓！房间内的床坐上去好像有点不稳！
0,天宇也就占了个位置还可以到光，内部设施和消耗品配备，实在是不怎么样，而且，很贵
0,设备很简单服务意识很差餐厅的设施就跟街边的小滩一样，卫生条件很不好。
0,房间很大味道，服务差，态度差，房单设施差~~永远不会再去了。差就一个字
0,太脏，停车场太小，建议携程不要推荐这样的旅馆
0,硬件顶多3星半，大堂黑咕隆咚的，房间很小也没特点。管家部的服务倒是挺好，有求必应的。
0,房间不干净，设施陈旧。以后不会再住，还是格林豪泰或如家比较好。
0,总而言之一句话，很差！早餐基本上没有能吃的东西，房间也很差，附近交通也不方便。配套以及服务都很一般
0,"建议酒店餐厅预备当地产的酒水,以备外地客人品尝."
0,卫生设施太差，毛巾又黑又硬，下水道堵塞，床垫不好，睡上去不是很舒服。觉得服务态度还可以。对面就是长途汽车站，出租车蛮多的，出行还是很方便。
0,很差劲的地方。是人都不要住。设施什么都不好还贵。真是晦气
0,这应该是我见过能称为五星最恶心的酒店了，服务不好，房间不好，早点不好，听说是个没老板开的，太不讲究了，好好改改吧！麻烦携程推荐好的酒店！
0,很怀疑五星酒店的评价标准。三星都不如，很失望！
0,住过差的，但没有住过这么差的！！昨晚00：00，一少妇在里面捉丈夫奸在房，大喊大闹，要死要活，炒得大家一晚没有睡好。提醒大家，酒店的保密工作很好！住起很放心。
0,"非常一般的酒店,最过分的是早餐居然在地下负一层,而且基本没什么吃的!酒店的位置也非常一般,四周景色非常不好!"
0,酒店服务意识很差，餐厅不能签单，说是怕消费的高于预授权。服务生明显没有经过培训。
0,条件一般，就是地理位置不错，离市中心比较近，出行还比较方便。
0,"很旧的设施,服务也不好,感觉一般.不能和大城市比."
0,"性价比太差,一个小县城的房价比北京上海广州深圳同级酒店的房价还高,服务跟一般招待所差不多,不值得住!"
0,很破的宾馆，号称四星不过实际的情况比好一点的2星都差，早饭也是惨不忍睹。
0,一般////////////////////////
0,外部环境不错，但房间太旧了，晚上睡觉阳台门须用东西顶住。性价比不高。
0,酒店不承认此次预定，与携程交涉7、8次才解决！！补充点评2007年6月20日：明明入住了酒店！300多无窗房，勉强3星级别的标准，还不如住如加快捷
0,这里服务各方面不达五星级标准，早餐特别不好
0,"如果去成都,在这里居住不错,行程方便,其他的都很差.最气的是请客人吃饭结完帐,很久以后到房间说台布被烫了,硬是要赔500大洋."
0,环境很脏，不干净，床单好象很久没换过，破旧不堪宾馆反馈2008年6月29日：谢谢您提的宝贵意见，我们设施设备现已全面更换，欢迎您的下次入住！
0,酒店很干净，房间不错，早餐一般，但是周围环境不好，基本上没有什么可以吃饭的地方。
0,地方恶偏，早餐可以比美招待所，服务员素质巨差，坚决不去第二趟
0,"实在对不起四星的称呼!12月份在2--14度的气温下,只在晚上8点后才开空调!下半夜又关闭!投诉后还有理说是响应政府号召:节约能耗.这样的HOTEL朋友们您还敢入住吗?"
0,一个月前入住过，首先是装修已经很陈旧了，给人一种死气沉沉的感觉，再就是服务，都是大妈级的，倒退10年还能算4星，现在很难说了。
0,房间太小，无电梯，周围环境还可以，但正在修路，非常嘈杂
0,北京的酒店，也就是这么着了！五星级酒店也就三星的水平，何况四星的呢，凑合着住吧
0,"挺一般的酒店,酒店门口的马路挺吵的,性价比不高,不值得推荐"
0,不值得这个价装修很一般酒店外是烧烤一条街早餐非常简陋，没啥吃的。下次决不选择它。连申请延迟退房都不肯
0,"楼很老,房间很大,服务不错.二楼的早茶不错."
0,房间装修陈旧，下水管堵塞，晚上折腾了2个多小时，还是没有修好。
0,房间打扫的不干净（桌下竟然有一只脏袜子），设备比较旧，早餐太差，还有就是在洗澡时洗一半竟然没冷水，差点烫伤，总的来说比较差，以后不会再选择入住该家酒店
0,"房间环境尚可,卫生让人担忧,床单圬迹斑斑!有骚扰电话补充点评2008年4月6日：停车场没有灯,还污水满地留,建议取消该店"
0,看到网友的点评还有些不信，去了以后才知道什么叫全世界最脏，最差的酒店。
0,"一个字,差啊,冷啊,暖气没有.空调太差!"
0,"服务极差,价格高,地点环境偏,房间条件能有一星.."
0,"硬件设施太旧,和房价不相符,价格还是贵了补充点评2008年7月29日：大床房的床太小,两人睡感觉不舒服"
0,房间很小，装修太差，电线全部裸露在外面，脏，不是一般的脏
0,酒店房间没有桌子第一次遇到竟然还有蜘蛛吓了我一跳房间设备比较老
0,迷你房还真是迷你啊……家具和墙纸都旧的不行，但还都齐全。虽然地方还满难找的，不过叫车倒是满方便的。房间隔音很差。总之，对不起这个价格，还不如去如家之类的。
0,"已经入住了很多次尼盛万丽酒店，但是感觉服务一次比一次差！作为一个国际连锁的品牌酒店，居然退房的时候要查房,感觉对客户没有一点信任！"
0,8月头通过携程订的两间标房，340元一间，原想四星级的标房应该很不错的，可到那一看，简直就是一个招待所的水准，装修陈旧，房间又小，25寸的电视机还锁在柜子里。很不值，下次肯定不会再去这里了。
0,装修的味道太重，商务标准间的房间太小。旺季的原因吧，我结帐的时候听到当天的房价又提价了，坐地起价，没办法。
0,非常差，服务差。房间比较大，但也很差，更重要的是临近铁路，很吵！难怪酒店生意不好，人很少！
0,只是招待所而已，设施不怎么样，毛巾都是破的。而且我前一天洗的短裤和袜子挂在浴室里，退房的时候忘记了。结果再去问说没看见。就不了了之了。
0,招待所而已吧，唯一可取之处就是交通还行，三环边上。
0,8月份为签证，入住该旅馆，也许是首都北京吧，260元一夜，只会想住一次的，一切都是那么旧，好像260元钱不是钱似的。
0,房间设备比较陈旧，没五星标准客人非常不满意
0,很差，相当差，搞得我们的外国客人都发大火了！！！服务不符合四星级的酒店标准！
0,两星级的设施(可能还没有)，四星的收费标准。真不知道四星级是怎么评下来的。和携程宣传有很大的区别。比如说有酒吧，原来是房间内食品。
0,五一节期间入住，建筑挺宏伟，车开到酒店门口没有人理你或引导你停车到位，询问哪里有停车，被答复没有，后来自己
0,实在不建议大家住在那里，如果你自己没有车的话，价格贵，位置差，我第一次遇上连车都不帮你叫的酒店。竟然让客人自己提着大箱子走上20分钟去打黑车。这是我遇上的最差的酒店。如果有零分第一个打给它。
0,酒店只能用几个字来形容，脏乱差，半夜三更有按摩小姐骚扰你，让你休息不好！如果你抗议，小姐会告诉你这是他们的协议！不知道什么协议？
0,"这酒店太旧了,大厅看上去还可以.房间的设施成旧不堪!卫生间的马桶真的都不走水的.早餐太一般了.要去入住的朋友要有思想准备,期望值不要太高.400多一晚说实话不太值!!"
0,"设施陈旧不堪,又小!灯光昏暗!早餐还可以!补充点评2008年6月5日：另外健身房早就没有了,希望携程信息应及时更新"
0,每次中途休息都会住在这，不是因为这家酒店有多好，主要是上下高速比较方便。房间一般，餐厅饭菜比较差。
0,走廊上极噪估计是乌合之众的住所根本没睡好害得我考试时候晕糊糊的
0,房间隔音真差，隔壁有人鱼水之欢，让我一夜没有睡好！房价也不算低，只比华阳便宜了50来块钱！
0,这是个以会议、活动为主的酒店，不适合散客周末闲居。房间较大，但家具粗劣。最糟糕的是卫生间，装修质量很差。预订两夜，因是受不了房间的寒冷而提前退房，那可是初冬啊。建议：带上睡袋，以免感冒。
0,携程定的房，但是朝向是墓地方向的，大家要注意。服务极差，房间地上还有拖鞋没收拾，勺子也是脏的。第二天居然不来打扫卫生了。卫生间的浴帘没用的，洗个澡水会喷的到处都是。是我住过的最差的酒店了。郁闷！
0,很不好我订金刷卡房费付现金刷卡的也一样跟我收我打电话去尽然要我到厦门拿现金实在是无理
0,无宽带成为最大问题，周边无工商银行成为第二问题。补充点评2007年1月13日：无可吃的早餐吃成为不可原谅问题。
0,"地面脏,非常不舒服,热水忽冷忽热,浴室太暗,与两年前入住时,差异非常大,原本预定住两晚,最后只住了一个晚上,前台服务不佳,刷卡刷了大半天,还是没成功,才说机器坏了,真是差劲....."
0,入住时说是四星级酒店，一进驻，，，，失望。。。。
0,"照片是假的,一个家庭招待所,垃圾到家的旅馆.我住过最垃圾的地方"
0,"这是我住过的最差的星级酒店,连招待所都不如，房间小，潮湿，连张桌子都没有，最多的就是蚊子.还特毒.叮的腿肿了一个星期，我住的房间墙上还留着沾着我鲜血的蚊子的尸体.如果有奉献精神的建议你住这里."
0,我们是今年五一期间入住酒店的标间，卫生一般，房间有点异味。酒店对面有个超市，要买东东要赶早，好像晚上8点多就关门了。晚上路边小吃很多。
0,烧水壶不会自停，烫到手，撒了一盒好茶！向服务员反映也无结果。
0,最滥的酒店什么都不行。这种酒店千万别去。80年代的3星
0,太吵闹。服务不好。房间隔音不好。总之很不好。以后不会住了。。55555555
0,总体感觉很差！房间设施、服务，还有自助早餐非常差（品种少，本人曾问服务员怎么没有荤菜肉菜，答复：鸡蛋不是荤菜吗？）
0,标榜四星级的酒店太糟糕了，房间很小，设施陈旧，和278的价钱实在差太远了。。很不好！！！我第二天就转移地方了。。。
0,设施很陈旧，卫生间真的有够脏的，没有电梯
0,前台接待太差，酒店有AB楼之分，本人check－in后，前台未告诉B楼在何处，并且B楼无明显指示；房间太小，根本不像4星级设施，下次不会再选择入住此店啦。
0,我不知道这里的早餐餐具到底是否消毒，我看到服务生直接就拿收下来的餐具在水龙头上手洗以后又放回到了盘中供客人取用。想想真恶心
0,还是房价贵了点，如果房价在200就可以了。
0,"价格太贵的问题，房间还是太小,空调有时候都没有开，房间厕所的抽水马桶也坏的"
0,房间总体来说不错，比较干净，性价比还可以，只是晚上太晚回去大门是关的，要得叫人起来开门，不太方便。还有空调不是中央空调，冬天挺冷，开着空调噪音又太大。洗澡的地方没有隔断，一洗澡就满地都是水。
0,本以为该酒店象其名字一样豪气万千，谁承想却是名不副实。我是五一去的，酒店设施陈旧，卫生环境差。房间设备简陋陈旧，色调灰暗。算不上星级标准，也就是个旅馆，早餐品种很少，将就能吃饱，下次绝对不会再住！
0,"房间小得无法想象,建议个子大的不要选择,一般的睡觉脚也伸不直.房间不超过10平方,彩电是14寸的,晕死,交通还算方便,离地铁不行10分钟内,但你必须知道哪条是正确的路,如果入住,必须要有心理准备,一个字""小""!"
0,晚上到的酒店，大堂灯都关了，来客人还舍不得开，打手电开的房，绝了！前脚刚进房间后脚按摩电话就打进来，牛叉！社会主义好啊！
0,卫生条件比较差，真的很差！毛巾白里透着黑，马桶和地面已经分家，一碰就要倒。没有停车场，车放在马路边不是太安全
0,预定的房间给的是问题房，水泵声音太吵，地段离风景点偏了点，虫子很多。
0,"非常不好的经历,通过携程定的房间,到了以后,服务的人员居然要我的身份证,我在美国生活了10年,早就没有了身份证,还好护照也勉强接受了,整个服"
0,为什么我们每天订房间，就不送水果、咖啡！协程网上有果盘送的！简直不讲道理！
0,"10-3号入住:卫生间极差,臭气熏天!携程有欺骗嫌疑!"
0,性价比太低，而且它的设施、环境、位置实在不值200多。据当地朋友说，这种档次的酒店，100多块钱就能住到。希望携程以后能够提供物有所值的酒店。
0,房间卫浴水准太差，面盆的下水是坏的，居然要用手去把下水给抠出来。。。衣橱的灯的开关是坏的，把门关上灯还亮着。卫生间里粘两个灭蟑螂的盒子，让人看了很不舒服。
0,"推荐天目湖宾馆,各方面设置比这家好多了.值得推荐的是他们的餐厅还算过得去,鱼头还能吃吃.但是前台小姐的服务太差了。"
0,这个宾馆太差了，我一辈子都不会再住了，电梯坏，设施陈旧，电视差，洗澡的液体质量差，和星级完全不符呀。
